date,team_api_id,team_long_name,team_short_name,buildUpPlaySpeed,buildUpPlayPassing,chanceCreationPassing,chanceCreationCrossing,chanceCreationShooting,defencePressure,defenceAggression,defenceTeamWidth
2/22/2010 0:00,9930,FC Aarau,AAR,60,50,60,65,55,50,55,45
9/19/2014 0:00,9930,FC Aarau,AAR,52,56,54,63,64,47,44,54
9/10/2015 0:00,9930,FC Aarau,AAR,47,54,54,63,64,47,44,54
2/22/2010 0:00,8485,Aberdeen,ABE,70,70,70,70,70,60,70,70
2/22/2011 0:00,8485,Aberdeen,ABE,47,52,53,48,52,47,47,52
2/22/2012 0:00,8485,Aberdeen,ABE,58,62,45,70,55,40,40,60
9/20/2013 0:00,8485,Aberdeen,ABE,62,45,40,50,55,42,42,60
9/19/2014 0:00,8485,Aberdeen,ABE,58,62,56,68,57,41,42,60
9/10/2015 0:00,8485,Aberdeen,ABE,59,53,51,72,63,49,45,63
2/22/2010 0:00,8576,AC Ajaccio,AJA,60,40,45,35,55,30,70,30
2/22/2011 0:00,8576,AC Ajaccio,AJA,65,45,65,65,50,45,45,50
2/22/2012 0:00,8576,AC Ajaccio,AJA,59,52,48,34,52,38,47,53
9/20/2013 0:00,8576,AC Ajaccio,AJA,59,52,48,34,52,38,47,53
9/19/2014 0:00,8576,AC Ajaccio,AJA,59,52,48,38,52,38,47,53
9/10/2015 0:00,8576,AC Ajaccio,AJA,59,52,48,38,52,38,47,53
2/22/2010 0:00,8564,Milan,ACM,45,30,55,45,70,30,35,60
2/22/2011 0:00,8564,Milan,ACM,65,50,50,60,50,50,50,50
2/22/2012 0:00,8564,Milan,ACM,45,50,65,20,50,45,45,50
9/20/2013 0:00,8564,Milan,ACM,48,54,51,53,64,48,49,53
9/19/2014 0:00,8564,Milan,ACM,48,52,66,36,75,58,57,49
9/10/2015 0:00,8564,Milan,ACM,48,52,66,36,69,58,57,49
2/22/2010 0:00,10215,Academica de Coimbra,ACA,30,30,50,60,55,30,30,30
2/22/2011 0:00,10215,Academica de Coimbra,ACA,30,50,50,50,55,30,45,65
2/22/2012 0:00,10215,Academica de Coimbra,ACA,45,44,55,57,60,52,38,61
9/20/2013 0:00,10215,Academica de Coimbra,ACA,45,44,55,57,60,52,38,61
9/19/2014 0:00,10215,Academica de Coimbra,ACA,52,44,55,51,60,39,38,61
9/10/2015 0:00,10215,Academica de Coimbra,ACA,53,44,55,51,60,39,38,61
2/22/2010 0:00,10217,ADO Den Haag,HAA,30,35,30,50,65,30,30,30
2/22/2011 0:00,10217,ADO Den Haag,HAA,53,53,48,67,66,46,62,65
2/22/2012 0:00,10217,ADO Den Haag,HAA,38,44,55,60,44,50,58,62
9/20/2013 0:00,10217,ADO Den Haag,HAA,38,47,55,55,44,50,58,52
9/19/2014 0:00,10217,ADO Den Haag,HAA,58,55,55,52,44,57,50,52
9/10/2015 0:00,10217,ADO Den Haag,HAA,56,66,55,52,38,40,50,52
2/22/2010 0:00,8593,Ajax,AJA,30,30,50,60,70,30,30,30
2/22/2011 0:00,8593,Ajax,AJA,40,38,67,65,67,65,57,63
2/22/2012 0:00,8593,Ajax,AJA,31,33,39,64,46,68,65,60
9/20/2013 0:00,8593,Ajax,AJA,35,33,39,52,46,68,65,50
9/19/2014 0:00,8593,Ajax,AJA,40,30,51,55,39,64,53,64
9/10/2015 0:00,8593,Ajax,AJA,35,39,58,55,30,64,53,59
2/22/2010 0:00,9865,UD Almeria,ALM,65,45,45,45,70,70,65,30
2/22/2011 0:00,9865,UD Almeria,ALM,55,53,57,54,69,58,68,67
2/22/2012 0:00,9865,UD Almeria,ALM,42,70,57,54,40,37,53,45
9/20/2013 0:00,9865,UD Almeria,ALM,46,65,57,54,40,37,53,45
9/19/2014 0:00,9865,UD Almeria,ALM,46,65,57,54,40,37,53,45
9/10/2015 0:00,9865,UD Almeria,ALM,46,65,57,54,40,37,53,45
2/22/2010 0:00,8635,RSC Anderlecht,AND,50,35,70,50,60,70,50,70
2/22/2011 0:00,8635,RSC Anderlecht,AND,50,52,70,50,60,70,50,70
2/22/2012 0:00,8635,RSC Anderlecht,AND,52,41,53,57,47,45,43,52
9/20/2013 0:00,8635,RSC Anderlecht,AND,52,41,68,67,47,60,43,65
9/19/2014 0:00,8635,RSC Anderlecht,AND,52,51,60,53,47,60,50,65
9/10/2015 0:00,8635,RSC Anderlecht,AND,52,51,60,53,47,53,50,61
2/22/2010 0:00,8121,Angers SCO,ANG,45,35,35,50,60,30,55,30
2/22/2011 0:00,8121,Angers SCO,ANG,65,50,50,65,65,45,45,50
2/22/2012 0:00,8121,Angers SCO,ANG,50,50,52,52,48,44,44,51
9/20/2013 0:00,8121,Angers SCO,ANG,50,50,52,52,48,44,44,51
9/19/2014 0:00,8121,Angers SCO,ANG,48,50,40,52,48,44,44,51
9/10/2015 0:00,8121,Angers SCO,ANG,48,50,40,52,48,44,44,51
2/22/2010 0:00,8322,Arka Gdynia,ARK,30,45,45,35,70,65,70,70
2/22/2011 0:00,8322,Arka Gdynia,ARK,46,37,33,62,52,47,48,45
2/22/2010 0:00,108893,AC Arles-Avignon,ARL,50,65,30,35,30,30,50,35
2/22/2011 0:00,108893,AC Arles-Avignon,ARL,50,65,35,35,35,25,45,35
2/22/2012 0:00,108893,AC Arles-Avignon,ARL,23,33,49,40,43,44,32,36
9/20/2013 0:00,108893,AC Arles-Avignon,ARL,41,48,58,40,43,39,43,58
9/19/2014 0:00,108893,AC Arles-Avignon,ARL,39,54,49,40,43,44,53,57
9/10/2015 0:00,108893,AC Arles-Avignon,ARL,56,54,55,40,43,48,53,57
2/22/2010 0:00,9912,DSC Arminia Bielefeld,BIE,40,65,45,70,50,45,40,50
2/22/2011 0:00,9912,DSC Arminia Bielefeld,BIE,46,58,45,33,42,38,48,50
9/19/2014 0:00,9912,DSC Arminia Bielefeld,BIE,62,55,56,51,52,36,54,48
9/19/2014 0:00,158085,FC Arouca,ARO,69,39,55,59,46,35,37,37
9/10/2015 0:00,158085,FC Arouca,ARO,65,39,55,59,46,37,39,37
2/22/2010 0:00,9825,Arsenal,ARS,66,30,30,45,35,30,40,50
2/22/2011 0:00,9825,Arsenal,ARS,75,40,40,45,65,50,40,45
2/22/2012 0:00,9825,Arsenal,ARS,25,32,41,34,30,57,57,52
9/20/2013 0:00,9825,Arsenal,ARS,30,29,41,55,39,64,54,52
9/19/2014 0:00,9825,Arsenal,ARS,59,26,28,55,64,51,44,52
9/10/2015 0:00,9825,Arsenal,ARS,59,30,28,44,46,51,44,52
2/22/2010 0:00,10252,Aston Villa,AVL,70,59,65,70,50,30,70,30
2/22/2011 0:00,10252,Aston Villa,AVL,65,50,45,55,50,35,45,65
2/22/2012 0:00,10252,Aston Villa,AVL,67,58,44,60,56,43,50,52
9/20/2013 0:00,10252,Aston Villa,AVL,63,59,52,55,34,39,41,54
9/19/2014 0:00,10252,Aston Villa,AVL,66,72,63,48,56,39,42,52
9/10/2015 0:00,10252,Aston Villa,AVL,63,54,60,48,38,35,44,54
2/22/2010 0:00,8524,Atalanta,ATA,35,40,35,30,55,30,30,55
2/22/2011 0:00,8524,Atalanta,ATA,65,50,50,65,55,45,55,65
2/22/2012 0:00,8524,Atalanta,ATA,40,50,53,47,50,55,42,50
9/20/2013 0:00,8524,Atalanta,ATA,64,36,38,49,51,54,53,49
9/19/2014 0:00,8524,Atalanta,ATA,64,37,38,49,51,36,66,49
9/10/2015 0:00,8524,Atalanta,ATA,64,37,38,49,51,36,63,49
2/22/2010 0:00,8315,Athletic Club de Bilbao,BIL,60,45,35,70,55,30,70,35
2/22/2011 0:00,8315,Athletic Club de Bilbao,BIL,70,69,55,72,57,48,67,55
2/22/2012 0:00,8315,Athletic Club de Bilbao,BIL,42,59,36,78,59,37,60,68
9/20/2013 0:00,8315,Athletic Club de Bilbao,BIL,46,38,52,73,37,37,60,68
9/19/2014 0:00,8315,Athletic Club de Bilbao,BIL,46,38,52,68,37,37,60,65
9/10/2015 0:00,8315,Athletic Club de Bilbao,BIL,46,39,50,60,36,49,57,50
2/22/2010 0:00,9906,Atletico Madrid,AMA,64,30,65,50,70,70,34,55
2/22/2011 0:00,9906,Atletico Madrid,AMA,57,54,58,69,79,58,48,54
2/22/2012 0:00,9906,Atletico Madrid,AMA,47,51,67,63,54,52,37,55
9/20/2013 0:00,9906,Atletico Madrid,AMA,47,51,70,65,54,52,37,55
9/19/2014 0:00,9906,Atletico Madrid,AMA,47,51,67,67,54,52,37,55
9/10/2015 0:00,9906,Atletico Madrid,AMA,57,50,61,62,49,49,42,52
2/22/2010 0:00,8406,FC Augsburg,AUG,45,45,35,70,70,45,55,45
2/22/2011 0:00,8406,FC Augsburg,AUG,68,40,52,64,72,59,49,42
2/22/2012 0:00,8406,FC Augsburg,AUG,55,55,49,57,55,47,58,56
9/20/2013 0:00,8406,FC Augsburg,AUG,40,55,49,72,53,33,43,52
9/19/2014 0:00,8406,FC Augsburg,AUG,62,69,41,63,56,47,55,52
9/10/2015 0:00,8406,FC Augsburg,AUG,59,55,49,62,55,34,50,59
2/22/2010 0:00,8583,AJ Auxerre,AUX,30,70,35,65,35,30,55,30
2/22/2011 0:00,8583,AJ Auxerre,AUX,35,65,35,65,50,35,45,65
2/22/2012 0:00,8583,AJ Auxerre,AUX,64,49,51,63,50,34,45,36
9/20/2013 0:00,8583,AJ Auxerre,AUX,64,49,51,63,50,34,45,41
9/19/2014 0:00,8583,AJ Auxerre,AUX,64,49,51,63,50,34,45,36
9/10/2015 0:00,8583,AJ Auxerre,AUX,64,49,51,63,50,34,45,40
2/22/2010 0:00,10229,AZ,ALK,55,45,40,30,60,30,30,50
2/22/2011 0:00,10229,AZ,ALK,45,31,45,74,66,60,50,65
2/22/2012 0:00,10229,AZ,ALK,46,36,47,48,52,60,65,59
9/20/2013 0:00,10229,AZ,ALK,62,40,67,48,52,50,65,59
9/19/2014 0:00,10229,AZ,ALK,52,46,60,56,52,50,61,55
9/10/2015 0:00,10229,AZ,ALK,50,58,67,56,50,50,61,55
2/22/2010 0:00,8634,FC Barcelona,BAR,42,30,65,40,70,70,30,70
2/22/2011 0:00,8634,FC Barcelona,BAR,43,34,59,25,68,67,43,68
2/22/2012 0:00,8634,FC Barcelona,BAR,24,25,37,24,54,66,63,66
9/20/2013 0:00,8634,FC Barcelona,BAR,35,32,37,31,35,61,63,65
9/19/2014 0:00,8634,FC Barcelona,BAR,35,32,37,31,35,61,63,65
9/10/2015 0:00,8634,FC Barcelona,BAR,36,51,36,49,56,61,65,65
2/22/2010 0:00,9976,Bari,BAR,30,30,30,40,65,40,30,45
2/22/2011 0:00,9976,Bari,BAR,65,35,65,63,65,55,45,60
2/22/2012 0:00,9976,Bari,BAR,50,50,50,35,50,45,45,50
9/20/2013 0:00,9976,Bari,BAR,55,57,54,44,60,49,51,61
9/19/2014 0:00,9976,Bari,BAR,55,57,54,44,56,49,51,53
9/10/2015 0:00,9976,Bari,BAR,52,65,40,55,48,50,51,55
2/22/2010 0:00,9931,FC Basel,BAS,40,45,50,65,50,60,60,60
2/22/2011 0:00,9931,FC Basel,BAS,46,40,51,54,49,38,53,55
2/22/2012 0:00,9931,FC Basel,BAS,61,46,66,66,54,47,58,53
9/20/2013 0:00,9931,FC Basel,BAS,61,46,66,66,54,47,58,53
9/19/2014 0:00,9931,FC Basel,BAS,61,46,66,66,54,47,58,53
9/10/2015 0:00,9931,FC Basel,BAS,61,46,66,66,54,47,58,53
2/22/2010 0:00,8178,Bayer 04 Leverkusen,LEV,70,30,70,70,70,70,60,70
2/22/2011 0:00,8178,Bayer 04 Leverkusen,LEV,67,38,51,47,55,57,39,51
2/22/2012 0:00,8178,Bayer 04 Leverkusen,LEV,58,55,52,55,56,50,42,47
9/20/2013 0:00,8178,Bayer 04 Leverkusen,LEV,64,55,52,54,37,58,38,47
9/19/2014 0:00,8178,Bayer 04 Leverkusen,LEV,69,55,52,55,39,50,46,54
9/10/2015 0:00,8178,Bayer 04 Leverkusen,LEV,73,55,77,54,61,61,72,50
2/22/2010 0:00,9823,FC Bayern Munich,BMU,65,40,65,70,70,70,40,65
2/22/2011 0:00,9823,FC Bayern Munich,BMU,42,40,34,30,72,39,52,65
2/22/2012 0:00,9823,FC Bayern Munich,BMU,47,40,34,31,55,49,35,50
9/20/2013 0:00,9823,FC Bayern Munich,BMU,56,41,40,44,39,52,54,52
9/19/2014 0:00,9823,FC Bayern Munich,BMU,37,22,21,38,40,61,59,40
9/10/2015 0:00,9823,FC Bayern Munich,BMU,45,28,37,31,22,72,53,59
2/22/2010 0:00,9993,Beerschot AC,BAC,35,35,45,40,50,70,70,70
2/22/2011 0:00,9993,Beerschot AC,BAC,47,37,54,64,67,33,34,48
2/22/2012 0:00,9993,Beerschot AC,BAC,55,55,47,46,49,45,46,50
9/20/2013 0:00,9993,Beerschot AC,BAC,47,39,38,64,49,45,46,67
2/22/2011 0:00,10211,SC Beira Mar,B-M,48,46,50,50,57,47,55,53
2/22/2012 0:00,10211,SC Beira Mar,B-M,39,48,53,53,59,37,52,61
9/20/2013 0:00,10211,SC Beira Mar,B-M,39,48,53,53,59,37,52,61
2/22/2010 0:00,9807,CF Os Belenenses,BEL,30,30,55,45,60,30,30,30
9/19/2014 0:00,9807,CF Os Belenenses,BEL,52,52,40,37,48,38,48,49
9/10/2015 0:00,9807,CF Os Belenenses,BEL,51,52,43,37,48,38,48,49
2/22/2010 0:00,6493,AC Bellinzona,BEL,40,50,55,65,55,45,50,55
2/22/2011 0:00,6493,AC Bellinzona,BEL,47,54,55,38,55,32,50,56
2/22/2010 0:00,9772,SL Benfica,BEN,30,30,50,55,65,30,30,30
2/22/2011 0:00,9772,SL Benfica,BEN,65,35,65,55,51,55,56,60
2/22/2012 0:00,9772,SL Benfica,BEN,55,48,69,56,54,61,51,57
9/20/2013 0:00,9772,SL Benfica,BEN,65,54,69,56,54,60,58,57
9/19/2014 0:00,9772,SL Benfica,BEN,70,53,65,66,54,60,57,54
9/10/2015 0:00,9772,SL Benfica,BEN,69,53,65,66,54,60,57,54
2/22/2010 0:00,8658,Birmingham City,BIR,70,70,70,70,70,70,70,70
2/22/2011 0:00,8658,Birmingham City,BIR,45,60,35,50,40,30,60,45
2/22/2012 0:00,8658,Birmingham City,BIR,51,55,41,62,56,42,48,54
9/20/2013 0:00,8658,Birmingham City,BIR,56,57,45,71,41,42,44,54
9/19/2014 0:00,8658,Birmingham City,BIR,56,79,77,71,56,42,48,54
9/10/2015 0:00,8658,Birmingham City,BIR,56,75,77,62,64,42,47,54
2/22/2010 0:00,8655,Blackburn Rovers,BLB,55,70,60,70,55,45,70,45
2/22/2011 0:00,8655,Blackburn Rovers,BLB,55,65,50,50,35,45,60,55
2/22/2012 0:00,8655,Blackburn Rovers,BLB,57,57,55,45,40,42,50,38
9/20/2013 0:00,8655,Blackburn Rovers,BLB,44,64,55,52,40,42,50,38
9/19/2014 0:00,8655,Blackburn Rovers,BLB,44,62,63,61,40,50,50,47
9/10/2015 0:00,8655,Blackburn Rovers,BLB,60,65,59,58,42,50,50,57
2/22/2010 0:00,8483,Blackpool,BLA,70,70,70,70,65,70,70,70
2/22/2011 0:00,8483,Blackpool,BLA,70,30,65,30,65,45,50,45
2/22/2012 0:00,8483,Blackpool,BLA,45,52,60,58,58,49,52,54
9/20/2013 0:00,8483,Blackpool,BLA,45,52,60,58,58,49,52,54
9/19/2014 0:00,8483,Blackpool,BLA,67,72,70,48,58,39,38,54
9/10/2015 0:00,8483,Blackpool,BLA,62,64,59,43,64,39,38,54
9/10/2015 0:00,8613,Boavista FC,BOA,47,50,37,38,53,32,62,54
2/22/2010 0:00,9911,VfL Bochum,BOC,50,65,55,45,50,40,60,40
2/22/2011 0:00,9911,VfL Bochum,BOC,55,56,55,49,52,48,60,56
2/22/2012 0:00,9911,VfL Bochum,BOC,40,48,51,54,37,34,53,49
9/20/2013 0:00,9911,VfL Bochum,BOC,40,48,51,54,37,40,53,41
9/19/2014 0:00,9911,VfL Bochum,BOC,38,48,51,54,36,34,53,49
9/10/2015 0:00,9911,VfL Bochum,BOC,69,57,66,40,66,58,47,67
2/22/2010 0:00,9857,Bologna,BOL,65,55,30,70,65,55,30,50
2/22/2011 0:00,9857,Bologna,BOL,65,35,35,35,50,30,50,50
2/22/2012 0:00,9857,Bologna,BOL,40,50,35,35,50,35,45,50
9/20/2013 0:00,9857,Bologna,BOL,63,48,49,63,63,43,43,48
9/19/2014 0:00,9857,Bologna,BOL,63,48,32,48,52,28,54,48
9/10/2015 0:00,9857,Bologna,BOL,63,48,32,48,52,30,54,48
2/22/2010 0:00,8559,Bolton Wanderers,BOL,55,70,70,70,45,35,70,35
2/22/2011 0:00,8559,Bolton Wanderers,BOL,45,70,55,70,50,40,55,50
2/22/2012 0:00,8559,Bolton Wanderers,BOL,57,56,45,54,54,48,48,58
9/20/2013 0:00,8559,Bolton Wanderers,BOL,57,53,42,38,54,39,48,58
9/19/2014 0:00,8559,Bolton Wanderers,BOL,57,73,72,43,56,39,48,58
9/10/2015 0:00,8559,Bolton Wanderers,BOL,57,61,72,60,38,39,48,58
2/22/2010 0:00,9827,Girondins de Bordeaux,BOR,70,35,70,50,70,55,70,70
2/22/2011 0:00,9827,Girondins de Bordeaux,BOR,50,35,50,65,65,55,45,65
2/22/2012 0:00,9827,Girondins de Bordeaux,BOR,49,37,49,64,51,44,46,49
9/20/2013 0:00,9827,Girondins de Bordeaux,BOR,49,37,49,64,51,44,46,49
9/19/2014 0:00,9827,Girondins de Bordeaux,BOR,38,36,49,55,51,37,33,49
9/10/2015 0:00,9827,Girondins de Bordeaux,BOR,51,48,49,63,44,57,52,49
2/22/2010 0:00,9789,Borussia Dortmund,DOR,70,45,70,34,66,54,70,53
2/22/2011 0:00,9789,Borussia Dortmund,DOR,73,43,60,53,64,59,67,46
2/22/2012 0:00,9789,Borussia Dortmund,DOR,71,45,67,44,70,58,69,46
9/20/2013 0:00,9789,Borussia Dortmund,DOR,74,45,70,48,76,60,70,48
9/19/2014 0:00,9789,Borussia Dortmund,DOR,76,61,53,44,73,60,68,43
9/10/2015 0:00,9789,Borussia Dortmund,DOR,71,40,70,44,49,65,71,40
2/22/2010 0:00,9788,Borussia Monchengladbach,GLA,65,45,50,70,65,55,40,65
2/22/2011 0:00,9788,Borussia Monchengladbach,GLA,63,46,60,51,61,49,58,49
2/22/2012 0:00,9788,Borussia Monchengladbach,GLA,57,64,54,48,55,33,43,38
9/20/2013 0:00,9788,Borussia Monchengladbach,GLA,76,40,66,48,30,33,53,41
9/19/2014 0:00,9788,Borussia Monchengladbach,GLA,31,32,38,26,49,43,50,41
9/10/2015 0:00,9788,Borussia Monchengladbach,GLA,31,32,38,26,49,41,48,39
2/22/2010 0:00,4170,US Boulogne Cote D'Opale,BOU,45,30,35,55,60,70,60,70
2/22/2011 0:00,4170,US Boulogne Cote D'Opale,BOU,50,35,35,65,65,35,55,65
2/22/2012 0:00,4170,US Boulogne Cote D'Opale,BOU,49,37,47,57,50,45,44,66
2/22/2010 0:00,8678,Bournemouth,BOU,70,70,70,70,60,70,70,70
2/22/2011 0:00,8678,Bournemouth,BOU,51,66,68,33,47,27,46,48
2/22/2012 0:00,8678,Bournemouth,BOU,46,46,54,60,52,48,50,62
9/20/2013 0:00,8678,Bournemouth,BOU,39,38,54,43,52,48,50,62
9/19/2014 0:00,8678,Bournemouth,BOU,47,48,46,48,41,48,50,62
9/10/2015 0:00,8678,Bournemouth,BOU,47,47,49,45,47,48,50,62
2/22/2010 0:00,10264,SC Braga,BRA,30,30,55,50,60,30,30,30
2/22/2011 0:00,10264,SC Braga,BRA,30,30,55,50,60,40,60,50
2/22/2012 0:00,10264,SC Braga,BRA,53,46,53,53,52,23,48,39
9/20/2013 0:00,10264,SC Braga,BRA,66,54,53,53,52,25,56,39
9/19/2014 0:00,10264,SC Braga,BRA,53,55,53,65,39,25,56,39
9/10/2015 0:00,10264,SC Braga,BRA,55,55,62,65,39,25,56,39
2/22/2010 0:00,9858,Brescia,BRE,30,30,35,50,70,45,30,55
2/22/2011 0:00,9858,Brescia,BRE,30,50,50,65,65,45,45,55
2/22/2012 0:00,9858,Brescia,BRE,35,35,35,20,65,35,45,50
9/20/2013 0:00,9858,Brescia,BRE,42,43,45,25,75,41,52,62
9/19/2014 0:00,9858,Brescia,BRE,42,27,54,25,75,41,52,57
9/10/2015 0:00,9858,Brescia,BRE,42,43,41,48,69,41,52,57
2/22/2010 0:00,8521,Stade Brestois 29,BRE,50,40,30,40,60,70,70,70
2/22/2011 0:00,8521,Stade Brestois 29,BRE,65,35,50,65,50,55,45,65
2/22/2012 0:00,8521,Stade Brestois 29,BRE,64,62,49,53,66,44,34,51
9/20/2013 0:00,8521,Stade Brestois 29,BRE,59,54,49,53,66,44,34,51
9/19/2014 0:00,8521,Stade Brestois 29,BRE,59,54,49,53,66,44,34,51
9/10/2015 0:00,8521,Stade Brestois 29,BRE,59,54,49,53,66,44,34,51
2/22/2010 0:00,8191,Burnley,BUR,70,65,70,70,70,65,70,70
2/22/2011 0:00,8191,Burnley,BUR,36,52,49,68,55,24,56,66
2/22/2012 0:00,8191,Burnley,BUR,48,44,56,58,48,52,50,58
9/20/2013 0:00,8191,Burnley,BUR,54,55,56,59,48,48,50,58
9/19/2014 0:00,8191,Burnley,BUR,48,74,72,59,58,54,57,58
9/10/2015 0:00,8191,Burnley,BUR,54,67,72,57,47,63,62,58
2/22/2010 0:00,7819,SM Caen,CAE,65,30,50,65,40,70,65,70
2/22/2011 0:00,7819,SM Caen,CAE,65,35,35,65,65,55,45,65
2/22/2012 0:00,7819,SM Caen,CAE,48,52,48,54,53,47,45,51
9/20/2013 0:00,7819,SM Caen,CAE,48,52,48,54,53,47,45,51
9/19/2014 0:00,7819,SM Caen,CAE,62,45,48,54,53,43,42,51
9/10/2015 0:00,7819,SM Caen,CAE,62,45,48,54,53,43,42,51
2/22/2010 0:00,8529,Cagliari,CAG,40,30,30,35,55,40,55,60
2/22/2011 0:00,8529,Cagliari,CAG,65,50,50,65,50,45,45,51
2/22/2012 0:00,8529,Cagliari,CAG,40,50,65,50,50,45,45,50
9/20/2013 0:00,8529,Cagliari,CAG,63,36,66,51,51,46,56,51
9/19/2014 0:00,8529,Cagliari,CAG,63,53,33,51,68,37,56,51
9/10/2015 0:00,8529,Cagliari,CAG,67,35,69,58,69,65,65,57
9/19/2014 0:00,7788,SC Cambuur,CAM,45,42,46,56,57,42,49,47
9/10/2015 0:00,7788,SC Cambuur,CAM,43,57,46,50,38,42,49,47
2/22/2010 0:00,8344,Cardiff City,CAR,65,70,70,70,70,70,70,70
2/22/2011 0:00,8344,Cardiff City,CAR,67,49,67,67,48,46,47,53
2/22/2012 0:00,8344,Cardiff City,CAR,60,64,54,46,54,47,43,56
9/20/2013 0:00,8344,Cardiff City,CAR,60,69,54,59,62,47,43,56
9/19/2014 0:00,8344,Cardiff City,CAR,60,54,52,46,41,33,41,39
9/10/2015 0:00,8344,Cardiff City,CAR,60,67,52,56,46,33,41,39
9/19/2014 0:00,208931,Carpi,CAP,32,31,47,36,54,46,44,51
9/10/2015 0:00,208931,Carpi,CAP,80,65,70,40,50,25,55,35
2/22/2010 0:00,8530,Catania,CAT,35,30,30,30,60,35,55,50
2/22/2011 0:00,8530,Catania,CAT,65,35,50,65,63,35,55,50
2/22/2012 0:00,8530,Catania,CAT,40,50,50,50,50,25,50,35
9/20/2013 0:00,8530,Catania,CAT,67,37,67,52,52,37,57,52
9/19/2014 0:00,8530,Catania,CAT,75,48,53,52,36,28,67,52
9/10/2015 0:00,8530,Catania,CAT,70,48,53,52,36,31,64,52
2/22/2010 0:00,9910,RC Celta de Vigo,CEL,35,30,45,45,70,35,30,50
2/22/2011 0:00,9910,RC Celta de Vigo,CEL,43,44,53,45,60,40,41,47
2/22/2012 0:00,9910,RC Celta de Vigo,CEL,53,62,59,68,52,42,52,68
9/20/2013 0:00,9910,RC Celta de Vigo,CEL,53,62,59,68,52,42,52,68
9/19/2014 0:00,9910,RC Celta de Vigo,CEL,53,62,59,68,52,42,52,65
9/10/2015 0:00,9910,RC Celta de Vigo,CEL,55,38,41,48,50,55,55,59
2/22/2010 0:00,9925,Celtic,CEL,70,70,65,70,70,60,70,70
2/22/2011 0:00,9925,Celtic,CEL,54,52,52,67,51,46,46,67
2/22/2012 0:00,9925,Celtic,CEL,70,58,54,58,60,50,50,60
9/20/2013 0:00,9925,Celtic,CEL,50,53,57,58,60,55,51,60
9/19/2014 0:00,9925,Celtic,CEL,70,58,55,61,62,51,54,60
9/10/2015 0:00,9925,Celtic,CEL,54,53,51,51,62,58,55,56
2/22/2010 0:00,9984,KSV Cercle Brugge,CEB,45,35,70,45,55,65,60,70
2/22/2011 0:00,9984,KSV Cercle Brugge,CEB,50,50,70,65,65,60,50,70
2/22/2012 0:00,9984,KSV Cercle Brugge,CEB,68,54,55,68,42,59,47,62
9/20/2013 0:00,9984,KSV Cercle Brugge,CEB,53,40,55,68,42,59,47,62
9/19/2014 0:00,9984,KSV Cercle Brugge,CEB,53,43,52,58,42,59,47,62
9/10/2015 0:00,9984,KSV Cercle Brugge,CEB,53,43,52,58,42,59,47,62
2/22/2010 0:00,9880,Cesena,CES,30,30,35,45,65,50,30,50
2/22/2011 0:00,9880,Cesena,CES,50,50,35,35,50,35,55,50
2/22/2012 0:00,9880,Cesena,CES,60,40,50,35,65,35,45,50
9/20/2013 0:00,9880,Cesena,CES,73,44,53,44,73,39,49,57
9/19/2014 0:00,9880,Cesena,CES,73,41,53,44,73,39,49,57
9/10/2015 0:00,9880,Cesena,CES,66,41,53,44,66,39,49,57
2/22/2010 0:00,8455,Chelsea,CHE,70,60,56,70,70,30,60,35
2/22/2011 0:00,8455,Chelsea,CHE,60,50,60,60,80,35,55,50
2/22/2012 0:00,8455,Chelsea,CHE,60,45,55,45,45,60,62,46
9/20/2013 0:00,8455,Chelsea,CHE,46,41,46,61,63,42,43,46
9/19/2014 0:00,8455,Chelsea,CHE,67,38,41,61,68,39,41,46
9/10/2015 0:00,8455,Chelsea,CHE,67,36,41,34,44,39,41,46
2/22/2010 0:00,8533,Chievo Verona,CHI,45,30,35,45,65,30,70,65
2/22/2011 0:00,8533,Chievo Verona,CHI,45,50,49,45,35,36,70,51
2/22/2012 0:00,8533,Chievo Verona,CHI,60,65,50,50,65,25,45,50
9/20/2013 0:00,8533,Chievo Verona,CHI,66,67,52,51,66,26,59,51
9/19/2014 0:00,8533,Chievo Verona,CHI,66,67,52,66,52,46,59,51
9/10/2015 0:00,8533,Chievo Verona,CHI,66,67,52,66,52,46,59,51
2/22/2010 0:00,8342,Club Brugge KV,CLB,35,40,45,50,45,60,70,70
2/22/2011 0:00,8342,Club Brugge KV,CLB,67,47,68,49,53,57,44,47
2/22/2012 0:00,8342,Club Brugge KV,CLB,64,54,48,61,47,60,50,52
9/20/2013 0:00,8342,Club Brugge KV,CLB,45,48,48,61,47,43,59,45
9/19/2014 0:00,8342,Club Brugge KV,CLB,42,45,42,57,47,51,50,57
9/10/2015 0:00,8342,Club Brugge KV,CLB,42,45,42,57,47,51,50,57
2/22/2010 0:00,7869,Cordoba CF,COR,30,30,35,45,60,35,30,40
2/22/2011 0:00,7869,Cordoba CF,COR,39,41,40,42,46,40,38,44
2/22/2012 0:00,7869,Cordoba CF,COR,40,53,40,71,48,36,41,52
9/20/2013 0:00,7869,Cordoba CF,COR,40,53,40,71,48,36,41,52
9/19/2014 0:00,7869,Cordoba CF,COR,40,53,40,66,48,36,41,52
9/10/2015 0:00,7869,Cordoba CF,COR,53,48,55,59,57,38,39,52
2/22/2010 0:00,2186,Cracovia,CKR,30,45,40,35,65,70,70,65
2/22/2011 0:00,2186,Cracovia,CKR,46,51,48,48,52,48,33,63
2/22/2012 0:00,2186,Cracovia,CKR,57,59,57,33,78,59,51,53
9/19/2014 0:00,2186,Cracovia,CKR,37,38,66,66,33,59,34,64
9/10/2015 0:00,2186,Cracovia,CKR,37,38,66,66,33,59,34,64
2/22/2010 0:00,9826,Crystal Palace,CRY,70,70,70,70,65,65,60,60
2/22/2011 0:00,9826,Crystal Palace,CRY,53,54,69,48,52,48,43,33
2/22/2012 0:00,9826,Crystal Palace,CRY,43,46,69,66,47,44,27,53
9/20/2013 0:00,9826,Crystal Palace,CRY,52,47,69,66,47,36,33,53
9/19/2014 0:00,9826,Crystal Palace,CRY,61,68,67,62,52,36,34,48
9/10/2015 0:00,9826,Crystal Palace,CRY,61,67,67,69,50,36,34,41
9/10/2015 0:00,8262,SV Darmstadt 98,DAR,59,77,52,77,45,32,56,41
2/22/2011 0:00,8526,De Graafschap,GRA,30,40,43,45,65,42,45,50
2/22/2012 0:00,8526,De Graafschap,GRA,37,41,47,40,63,52,43,41
2/22/2010 0:00,9783,RC Deportivo de La Coruna,COR,30,30,30,45,65,35,35,45
2/22/2011 0:00,9783,RC Deportivo de La Coruna,COR,56,42,57,69,61,38,44,69
2/22/2012 0:00,9783,RC Deportivo de La Coruna,COR,56,46,38,52,68,45,50,59
9/20/2013 0:00,9783,RC Deportivo de La Coruna,COR,56,46,38,52,68,45,50,59
9/19/2014 0:00,9783,RC Deportivo de La Coruna,COR,56,46,38,52,68,45,50,59
9/10/2015 0:00,9783,RC Deportivo de La Coruna,COR,53,47,38,52,55,45,50,59
2/22/2010 0:00,9836,Dijon FCO,DIJ,55,40,40,40,55,30,60,30
2/22/2011 0:00,9836,Dijon FCO,DIJ,65,50,50,65,50,35,45,50
2/22/2012 0:00,9836,Dijon FCO,DIJ,51,49,49,52,52,45,46,58
9/20/2013 0:00,9836,Dijon FCO,DIJ,51,49,49,52,52,45,46,58
9/19/2014 0:00,9836,Dijon FCO,DIJ,51,49,49,52,52,45,46,58
9/10/2015 0:00,9836,Dijon FCO,DIJ,51,49,49,52,52,45,46,58
9/20/2013 0:00,8284,Dundee FC,DUF,50,49,38,60,53,48,47,59
9/10/2015 0:00,8284,Dundee FC,DUF,47,48,32,61,65,50,44,52
2/22/2010 0:00,9938,Dundee United,DUU,70,70,65,70,70,60,70,70
2/22/2011 0:00,9938,Dundee United,DUU,68,53,67,53,67,57,57,63
2/22/2012 0:00,9938,Dundee United,DUU,60,60,50,50,35,40,38,52
9/20/2013 0:00,9938,Dundee United,DUU,53,52,55,53,42,41,41,52
9/19/2014 0:00,9938,Dundee United,DUU,60,60,52,55,38,41,40,52
9/10/2015 0:00,9938,Dundee United,DUU,60,53,55,49,45,48,42,53
2/22/2012 0:00,8457,Dunfermline Athletic,DUN,55,60,46,68,54,42,43,63
9/19/2014 0:00,8372,SD Eibar,EIB,62,52,60,55,64,37,56,49
9/10/2015 0:00,8372,SD Eibar,EIB,62,52,59,55,52,37,56,49
2/22/2012 0:00,9776,Eintracht Braunschweig,BRA,64,54,52,66,62,54,42,48
9/20/2013 0:00,9776,Eintracht Braunschweig,BRA,68,54,62,66,67,57,47,53
9/19/2014 0:00,9776,Eintracht Braunschweig,BRA,61,62,59,43,55,30,40,39
9/10/2015 0:00,9776,Eintracht Braunschweig,BRA,66,54,62,59,51,57,47,53
2/22/2010 0:00,9810,Eintracht Frankfurt,EFR,60,35,35,70,60,65,30,45
2/22/2011 0:00,9810,Eintracht Frankfurt,EFR,52,43,62,62,41,48,50,53
2/22/2012 0:00,9810,Eintracht Frankfurt,EFR,38,34,47,45,48,46,45,54
9/20/2013 0:00,9810,Eintracht Frankfurt,EFR,41,34,47,45,48,46,45,57
9/19/2014 0:00,9810,Eintracht Frankfurt,EFR,63,42,57,50,52,43,46,55
9/10/2015 0:00,9810,Eintracht Frankfurt,EFR,51,38,47,58,40,48,42,55
2/22/2010 0:00,10268,Elche CF,ELC,30,30,45,50,70,50,45,45
2/22/2011 0:00,10268,Elche CF,ELC,43,39,52,43,46,40,39,51
2/22/2012 0:00,10268,Elche CF,ELC,55,73,53,54,57,49,51,58
9/20/2013 0:00,10268,Elche CF,ELC,55,73,53,54,57,49,51,58
9/19/2014 0:00,10268,Elche CF,ELC,55,69,53,54,57,49,51,58
9/10/2015 0:00,10268,Elche CF,ELC,51,48,53,54,57,49,51,58
2/22/2010 0:00,8534,Empoli,EMP,30,30,30,30,55,30,30,30
2/22/2011 0:00,8534,Empoli,EMP,50,35,50,50,55,45,45,47
2/22/2012 0:00,8534,Empoli,EMP,50,50,50,50,50,35,45,50
9/20/2013 0:00,8534,Empoli,EMP,51,54,53,54,62,39,50,59
9/19/2014 0:00,8534,Empoli,EMP,63,39,66,67,51,53,57,54
9/10/2015 0:00,8534,Empoli,EMP,66,36,59,64,63,46,66,48
2/22/2010 0:00,8398,FC Energie Cottbus,COT,45,55,30,55,45,68,70,68
2/22/2011 0:00,8398,FC Energie Cottbus,COT,64,55,71,38,52,58,48,40
2/22/2012 0:00,8398,FC Energie Cottbus,COT,50,48,47,67,53,57,47,52
9/20/2013 0:00,8398,FC Energie Cottbus,COT,50,48,47,67,53,57,47,52
9/19/2014 0:00,8398,FC Energie Cottbus,COT,39,40,52,67,56,47,55,52
2/22/2010 0:00,8558,RCD Espanyol,ESP,55,40,70,55,70,70,50,60
2/22/2011 0:00,8558,RCD Espanyol,ESP,68,55,72,70,54,51,58,56
2/22/2012 0:00,8558,RCD Espanyol,ESP,46,44,52,60,40,37,40,45
9/20/2013 0:00,8558,RCD Espanyol,ESP,50,44,52,60,40,37,40,45
9/19/2014 0:00,8558,RCD Espanyol,ESP,50,44,52,60,40,37,40,45
9/10/2015 0:00,8558,RCD Espanyol,ESP,50,44,52,60,40,37,40,45
9/20/2013 0:00,7842,Estoril Praia,EST,66,52,47,53,39,46,49,55
9/19/2014 0:00,7842,Estoril Praia,EST,66,52,47,53,39,46,49,55
9/10/2015 0:00,7842,Estoril Praia,EST,59,52,47,53,39,46,49,55
2/22/2011 0:00,6351,KAS Eupen,EUP,50,55,50,55,55,50,50,55
2/22/2010 0:00,8668,Everton,EVE,60,65,60,70,45,40,70,40
2/22/2011 0:00,8668,Everton,EVE,60,50,55,70,55,55,65,60
2/22/2012 0:00,8668,Everton,EVE,56,56,48,57,56,50,50,60
9/20/2013 0:00,8668,Everton,EVE,58,62,48,59,32,41,44,59
9/19/2014 0:00,8668,Everton,EVE,61,42,39,59,48,52,58,60
9/10/2015 0:00,8668,Everton,EVE,43,40,39,33,63,52,58,59
2/22/2011 0:00,4087,Evian Thonon Gaillard FC,ETG,35,65,50,65,65,45,55,65
2/22/2012 0:00,4087,Evian Thonon Gaillard FC,ETG,53,44,52,52,64,47,56,50
9/20/2013 0:00,4087,Evian Thonon Gaillard FC,ETG,53,44,52,52,64,47,56,50
9/19/2014 0:00,4087,Evian Thonon Gaillard FC,ETG,61,44,52,61,48,47,56,50
9/10/2015 0:00,4087,Evian Thonon Gaillard FC,ETG,58,56,52,61,51,47,43,50
2/22/2011 0:00,10218,Excelsior,EXC,73,59,77,33,52,25,47,33
2/22/2012 0:00,10218,Excelsior,EXC,47,52,63,45,37,23,30,32
9/10/2015 0:00,10218,Excelsior,EXC,53,69,48,45,43,29,41,36
2/22/2010 0:00,8596,Falkirk,FAL,70,70,60,70,70,60,70,70
2/22/2010 0:00,8722,1 FC Koln,FCK,55,65,65,40,60,45,55,70
2/22/2011 0:00,8722,1 FC Koln,FCK,58,71,42,39,50,40,40,56
2/22/2012 0:00,8722,1 FC Koln,FCK,53,53,57,44,57,43,55,67
9/20/2013 0:00,8722,1 FC Koln,FCK,60,56,57,44,57,43,55,67
9/19/2014 0:00,8722,1 FC Koln,FCK,59,57,53,47,59,57,46,54
9/10/2015 0:00,8722,1 FC Koln,FCK,59,65,57,36,71,42,56,51
9/10/2015 0:00,6631,FC Dordrecht,DOR,39,62,62,66,48,51,58,55
2/22/2010 0:00,8674,FC Groningen,GRO,41,32,40,47,69,30,30,30
2/22/2011 0:00,8674,FC Groningen,GRO,51,39,48,67,62,43,44,49
2/22/2012 0:00,8674,FC Groningen,GRO,44,41,48,64,42,49,47,53
9/20/2013 0:00,8674,FC Groningen,GRO,44,44,56,58,42,49,47,53
9/19/2014 0:00,8674,FC Groningen,GRO,48,38,57,59,45,49,47,53
9/10/2015 0:00,8674,FC Groningen,GRO,55,55,57,59,54,49,47,53
2/22/2010 0:00,9773,FC Porto,POR,30,30,60,60,60,30,30,30
2/22/2011 0:00,9773,FC Porto,POR,50,50,50,65,65,55,43,65
2/22/2012 0:00,9773,FC Porto,POR,52,53,56,72,68,61,49,60
9/20/2013 0:00,9773,FC Porto,POR,52,53,56,72,68,58,60,57
9/19/2014 0:00,9773,FC Porto,POR,52,53,56,66,68,58,60,60
9/10/2015 0:00,9773,FC Porto,POR,70,53,56,66,68,58,60,60
2/22/2010 0:00,9908,FC Utrecht,UTR,45,45,33,50,67,30,30,30
2/22/2011 0:00,9908,FC Utrecht,UTR,66,45,41,69,72,34,57,34
2/22/2012 0:00,9908,FC Utrecht,UTR,47,52,52,54,52,45,49,47
9/20/2013 0:00,9908,FC Utrecht,UTR,47,52,52,54,60,45,49,47
9/19/2014 0:00,9908,FC Utrecht,UTR,50,52,55,49,52,45,49,47
9/10/2015 0:00,9908,FC Utrecht,UTR,50,54,55,64,28,54,58,47
9/10/2015 0:00,9824,FC Vaduz,VAD,53,56,38,53,46,42,33,58
2/22/2010 0:00,10243,FC Zurich,ZUR,45,60,45,70,50,50,55,50
2/22/2011 0:00,10243,FC Zurich,ZUR,48,56,49,61,55,54,49,60
2/22/2012 0:00,10243,FC Zurich,ZUR,62,46,50,50,54,47,43,56
9/20/2013 0:00,10243,FC Zurich,ZUR,62,46,50,50,54,47,43,56
9/19/2014 0:00,10243,FC Zurich,ZUR,62,46,47,50,54,47,43,56
9/10/2015 0:00,10243,FC Zurich,ZUR,62,46,47,50,54,47,43,56
2/22/2010 0:00,10235,Feyenoord,FEY,30,30,44,41,46,30,30,30
2/22/2011 0:00,10235,Feyenoord,FEY,47,53,43,33,32,48,59,53
2/22/2012 0:00,10235,Feyenoord,FEY,38,34,60,44,50,43,43,54
9/20/2013 0:00,10235,Feyenoord,FEY,44,44,48,62,50,43,43,40
9/19/2014 0:00,10235,Feyenoord,FEY,54,60,48,67,50,43,43,40
9/10/2015 0:00,10235,Feyenoord,FEY,50,48,48,67,31,43,46,40
2/22/2010 0:00,8535,Fiorentina,FIO,67,30,50,60,60,45,30,60
2/22/2011 0:00,8535,Fiorentina,FIO,49,50,50,60,60,45,45,50
2/22/2012 0:00,8535,Fiorentina,FIO,45,50,65,50,50,45,45,50
9/20/2013 0:00,8535,Fiorentina,FIO,53,51,64,51,53,47,47,51
9/19/2014 0:00,8535,Fiorentina,FIO,34,33,68,51,53,58,59,67
9/10/2015 0:00,8535,Fiorentina,FIO,34,33,68,51,53,58,59,61
2/22/2010 0:00,8194,Fortuna Dusseldorf,FDU,65,35,70,50,52,45,70,54
2/22/2011 0:00,8194,Fortuna Dusseldorf,FDU,51,38,52,40,54,46,59,34
2/22/2012 0:00,8194,Fortuna Dusseldorf,FDU,67,47,67,68,55,56,57,52
9/20/2013 0:00,8194,Fortuna Dusseldorf,FDU,41,69,55,68,52,24,48,45
9/19/2014 0:00,8194,Fortuna Dusseldorf,FDU,72,57,55,49,37,47,48,50
9/10/2015 0:00,8194,Fortuna Dusseldorf,FDU,47,47,55,68,55,56,57,52
2/22/2010 0:00,8358,SC Freiburg,FRE,50,30,30,70,60,55,50,50
2/22/2011 0:00,8358,SC Freiburg,FRE,50,47,47,41,34,41,42,50
2/22/2012 0:00,8358,SC Freiburg,FRE,52,61,62,50,42,30,50,39
9/20/2013 0:00,8358,SC Freiburg,FRE,59,38,55,39,43,53,62,37
9/19/2014 0:00,8358,SC Freiburg,FRE,39,48,55,33,44,59,60,39
9/10/2015 0:00,8358,SC Freiburg,FRE,59,38,55,44,45,53,62,29
2/22/2010 0:00,9891,Frosinone,FRO,30,30,30,45,65,30,30,65
2/22/2011 0:00,9891,Frosinone,FRO,70,48,46,45,65,61,67,65
9/10/2015 0:00,9891,Frosinone,FRO,63,46,51,50,50,55,57,47
2/22/2010 0:00,9879,Fulham,FUL,60,70,70,70,50,40,35,40
2/22/2011 0:00,9879,Fulham,FUL,50,55,45,55,40,45,35,50
2/22/2012 0:00,9879,Fulham,FUL,48,45,38,62,54,38,38,62
9/20/2013 0:00,9879,Fulham,FUL,52,49,49,56,59,39,39,57
9/19/2014 0:00,9879,Fulham,FUL,52,56,58,41,54,29,28,39
9/10/2015 0:00,9879,Fulham,FUL,52,48,39,54,59,29,30,39
2/22/2010 0:00,9987,KRC Genk,GEN,45,45,50,35,60,70,65,70
2/22/2011 0:00,9987,KRC Genk,GEN,66,52,65,66,51,48,47,54
2/22/2012 0:00,9987,KRC Genk,GEN,53,55,55,48,56,47,45,55
9/20/2013 0:00,9987,KRC Genk,GEN,58,38,67,48,56,47,45,55
9/19/2014 0:00,9987,KRC Genk,GEN,58,38,67,48,56,47,45,55
9/10/2015 0:00,9987,KRC Genk,GEN,58,38,30,69,56,36,57,70
2/22/2010 0:00,10233,Genoa,GEN,70,50,70,40,65,40,65,30
2/22/2011 0:00,10233,Genoa,GEN,65,35,50,50,50,54,65,35
2/22/2012 0:00,10233,Genoa,GEN,50,50,50,50,50,45,45,50
9/20/2013 0:00,10233,Genoa,GEN,64,38,66,67,49,46,47,53
9/19/2014 0:00,10233,Genoa,GEN,64,68,66,53,49,23,47,53
9/10/2015 0:00,10233,Genoa,GEN,64,68,66,45,23,27,47,53
2/22/2010 0:00,9991,KAA Gent,GEN,70,65,60,50,60,45,50,40
2/22/2011 0:00,9991,KAA Gent,GEN,55,55,54,74,56,61,39,38
2/22/2012 0:00,9991,KAA Gent,GEN,50,47,55,66,47,48,45,52
9/20/2013 0:00,9991,KAA Gent,GEN,50,37,28,66,34,50,53,40
9/19/2014 0:00,9991,KAA Gent,GEN,50,37,28,66,34,55,59,52
9/10/2015 0:00,9991,KAA Gent,GEN,50,37,42,66,34,49,54,52
2/22/2010 0:00,8305,Getafe CF,GET,30,35,35,50,70,40,30,50
2/22/2011 0:00,8305,Getafe CF,GET,54,45,38,54,57,59,39,66
2/22/2012 0:00,8305,Getafe CF,GET,25,40,58,42,52,49,45,47
9/20/2013 0:00,8305,Getafe CF,GET,29,40,58,42,52,49,45,47
9/19/2014 0:00,8305,Getafe CF,GET,35,40,58,42,52,49,45,47
9/10/2015 0:00,8305,Getafe CF,GET,34,38,55,39,49,43,42,49
9/20/2013 0:00,6391,GFC Ajaccio,GAJ,61,52,55,66,58,47,46,53
9/10/2015 0:00,6391,GFC Ajaccio,GAJ,48,52,55,53,55,42,46,53
2/22/2012 0:00,9764,Gil Vicente FC,GV,46,41,54,52,46,39,57,53
9/20/2013 0:00,9764,Gil Vicente FC,GV,46,41,54,52,46,39,57,53
9/19/2014 0:00,9764,Gil Vicente FC,GV,65,41,54,47,46,39,40,53
9/10/2015 0:00,9764,Gil Vicente FC,GV,68,41,54,47,46,39,40,53
2/22/2010 0:00,8569,GKS Belchatow,BEL,30,50,45,40,70,65,70,65
2/22/2011 0:00,8569,GKS Belchatow,BEL,47,27,45,51,54,48,60,37
2/22/2012 0:00,8569,GKS Belchatow,BEL,52,67,52,73,50,47,45,35
9/20/2013 0:00,8569,GKS Belchatow,BEL,52,43,52,37,50,47,45,40
9/10/2015 0:00,8569,GKS Belchatow,BEL,52,43,52,37,50,47,45,40
9/19/2014 0:00,6433,Go Ahead Eagles,GAE,55,42,37,42,53,43,47,51
9/10/2015 0:00,6433,Go Ahead Eagles,GAE,58,64,37,42,52,43,47,51
9/10/2015 0:00,8019,Gornik Leczna,LEC,41,59,41,44,54,52,47,50
2/22/2010 0:00,8020,Polonia Bytom,GOR,30,50,45,35,70,60,70,55
2/22/2011 0:00,8020,Polonia Bytom,GOR,46,38,36,33,53,53,54,55
2/22/2011 0:00,7878,Granada CF,GRA,53,52,54,59,55,54,49,67
2/22/2012 0:00,7878,Granada CF,GRA,48,37,72,76,52,49,45,68
9/20/2013 0:00,7878,Granada CF,GRA,52,37,72,76,52,49,45,68
9/19/2014 0:00,7878,Granada CF,GRA,52,37,67,68,52,49,45,64
9/10/2015 0:00,7878,Granada CF,GRA,57,59,61,63,51,48,45,62
2/22/2010 0:00,9956,Grasshopper Club Zurich,GRA,30,50,55,70,55,40,60,60
2/22/2011 0:00,9956,Grasshopper Club Zurich,GRA,67,53,55,66,63,43,48,62
2/22/2012 0:00,9956,Grasshopper Club Zurich,GRA,50,54,52,54,46,36,43,47
9/20/2013 0:00,9956,Grasshopper Club Zurich,GRA,50,54,52,54,46,36,43,47
9/19/2014 0:00,9956,Grasshopper Club Zurich,GRA,50,54,52,54,46,36,43,47
9/10/2015 0:00,9956,Grasshopper Club Zurich,GRA,50,54,52,54,46,36,43,47
2/22/2010 0:00,9855,Grenoble Foot 38,GRE,70,70,65,60,70,70,55,70
2/22/2011 0:00,9855,Grenoble Foot 38,GRE,50,50,50,50,50,45,45,50
2/22/2010 0:00,8357,SpVgg Greuther Furth,GRF,55,45,30,70,70,40,55,60
2/22/2011 0:00,8357,SpVgg Greuther Furth,GRF,59,40,56,54,48,59,46,53
2/22/2012 0:00,8357,SpVgg Greuther Furth,GRF,68,45,54,44,43,48,56,66
9/20/2013 0:00,8357,SpVgg Greuther Furth,GRF,57,53,54,49,46,36,56,33
9/19/2014 0:00,8357,SpVgg Greuther Furth,GRF,66,38,56,40,52,49,48,62
9/10/2015 0:00,8357,SpVgg Greuther Furth,GRF,54,53,54,49,46,48,56,66
2/22/2010 0:00,9747,En Avant de Guingamp,GUI,35,30,45,55,70,30,65,30
2/22/2012 0:00,9747,En Avant de Guingamp,GUI,52,48,53,49,48,33,43,49
9/20/2013 0:00,9747,En Avant de Guingamp,GUI,52,48,53,49,59,46,43,49
9/19/2014 0:00,9747,En Avant de Guingamp,GUI,63,48,53,49,48,43,47,49
9/10/2015 0:00,9747,En Avant de Guingamp,GUI,63,58,42,56,36,49,47,49
2/22/2010 0:00,9790,Hamburger SV,HAM,70,60,70,60,70,70,45,60
2/22/2011 0:00,9790,Hamburger SV,HAM,52,29,61,58,54,60,55,52
2/22/2012 0:00,9790,Hamburger SV,HAM,46,40,60,55,39,55,47,48
9/20/2013 0:00,9790,Hamburger SV,HAM,34,38,34,59,48,45,35,58
9/19/2014 0:00,9790,Hamburger SV,HAM,45,58,60,73,62,45,32,63
9/10/2015 0:00,9790,Hamburger SV,HAM,42,52,62,58,47,44,41,49
2/22/2010 0:00,8429,Hamilton Academical FC,HAM,70,70,70,70,60,60,65,70
2/22/2011 0:00,8429,Hamilton Academical FC,HAM,66,52,52,53,34,46,47,52
9/10/2015 0:00,8429,Hamilton Academical FC,HAM,48,47,73,53,71,55,48,52
2/22/2010 0:00,9904,Hannover 96,HAN,55,70,65,45,65,70,70,70
2/22/2011 0:00,9904,Hannover 96,HAN,55,56,55,43,53,39,37,53
2/22/2012 0:00,9904,Hannover 96,HAN,65,58,63,44,64,39,45,47
9/20/2013 0:00,9904,Hannover 96,HAN,78,58,66,39,41,39,48,47
9/19/2014 0:00,9904,Hannover 96,HAN,48,38,38,51,40,37,48,56
9/10/2015 0:00,9904,Hannover 96,HAN,48,41,38,51,40,35,50,61
2/22/2010 0:00,9860,Heart of Midlothian,HEA,70,70,70,70,70,60,70,70
2/22/2011 0:00,9860,Heart of Midlothian,HEA,66,53,53,68,66,56,68,66
2/22/2012 0:00,9860,Heart of Midlothian,HEA,55,62,55,60,60,50,52,57
9/20/2013 0:00,9860,Heart of Midlothian,HEA,52,53,59,60,64,52,53,57
9/19/2014 0:00,9860,Heart of Midlothian,HEA,55,62,55,61,60,49,52,57
2/22/2010 0:00,9791,Heracles Almelo,HER,30,45,31,43,59,30,30,30
2/22/2011 0:00,9791,Heracles Almelo,HER,69,45,40,70,45,36,66,34
2/22/2012 0:00,9791,Heracles Almelo,HER,43,27,55,58,60,33,43,47
9/20/2013 0:00,9791,Heracles Almelo,HER,39,32,40,42,66,47,43,47
9/19/2014 0:00,9791,Heracles Almelo,HER,46,32,48,58,59,60,62,47
9/10/2015 0:00,9791,Heracles Almelo,HER,50,61,48,58,59,60,62,47
2/22/2010 0:00,10278,Hercules Club de Futbol,HER,40,30,50,35,70,35,35,50
2/22/2011 0:00,10278,Hercules Club de Futbol,HER,54,55,53,40,59,48,58,53
2/22/2012 0:00,10278,Hercules Club de Futbol,HER,53,54,60,58,60,50,52,58
9/20/2013 0:00,10278,Hercules Club de Futbol,HER,53,54,60,58,60,50,52,58
9/19/2014 0:00,10278,Hercules Club de Futbol,HER,53,54,60,58,60,50,52,58
2/22/2010 0:00,8177,Hertha BSC Berlin,HBE,60,50,45,55,55,55,30,55
2/22/2011 0:00,8177,Hertha BSC Berlin,HBE,59,43,56,50,66,50,43,55
2/22/2012 0:00,8177,Hertha BSC Berlin,HBE,48,45,45,51,46,50,50,55
9/20/2013 0:00,8177,Hertha BSC Berlin,HBE,40,55,63,46,63,50,38,55
9/19/2014 0:00,8177,Hertha BSC Berlin,HBE,68,55,51,59,59,41,60,51
9/10/2015 0:00,8177,Hertha BSC Berlin,HBE,47,55,59,68,45,50,45,57
2/22/2010 0:00,10251,Hibernian,HIB,70,70,60,70,70,60,70,70
2/22/2011 0:00,10251,Hibernian,HIB,48,51,52,64,52,47,47,51
2/22/2012 0:00,10251,Hibernian,HIB,55,44,46,48,44,42,40,40
9/20/2013 0:00,10251,Hibernian,HIB,60,46,58,48,44,47,46,60
9/19/2014 0:00,10251,Hibernian,HIB,55,44,47,43,49,43,41,40
2/22/2010 0:00,8226,TSG 1899 Hoffenheim,HOF,70,30,70,55,55,65,70,65
2/22/2011 0:00,8226,TSG 1899 Hoffenheim,HOF,75,35,72,51,68,68,50,52
2/22/2012 0:00,8226,TSG 1899 Hoffenheim,HOF,61,53,42,62,54,47,59,40
9/20/2013 0:00,8226,TSG 1899 Hoffenheim,HOF,32,53,36,62,64,47,52,45
9/19/2014 0:00,8226,TSG 1899 Hoffenheim,HOF,68,63,68,38,55,56,57,54
9/10/2015 0:00,8226,TSG 1899 Hoffenheim,HOF,69,53,66,62,59,63,61,38
2/22/2010 0:00,8667,Hull City,HUL,65,60,70,70,55,70,70,70
2/22/2011 0:00,8667,Hull City,HUL,49,52,64,64,37,46,46,67
2/22/2012 0:00,8667,Hull City,HUL,61,48,38,60,54,38,42,46
9/20/2013 0:00,8667,Hull City,HUL,63,48,38,60,54,34,37,46
9/19/2014 0:00,8667,Hull City,HUL,56,51,54,60,48,38,37,46
9/10/2015 0:00,8667,Hull City,HUL,56,55,54,49,56,38,37,46
2/22/2011 0:00,8234,FC Ingolstadt 04,ING,47,54,54,51,46,37,50,53
2/22/2012 0:00,8234,FC Ingolstadt 04,ING,55,46,47,53,51,33,42,49
9/20/2013 0:00,8234,FC Ingolstadt 04,ING,55,46,47,53,51,33,42,49
9/19/2014 0:00,8234,FC Ingolstadt 04,ING,54,47,53,33,52,42,36,49
9/10/2015 0:00,8234,FC Ingolstadt 04,ING,55,46,47,53,51,37,48,49
2/22/2010 0:00,8636,Inter,INT,55,55,50,55,70,50,60,55
2/22/2011 0:00,8636,Inter,INT,55,50,50,55,65,50,60,55
2/22/2012 0:00,8636,Inter,INT,45,50,65,50,65,35,55,35
9/20/2013 0:00,8636,Inter,INT,67,67,68,52,66,36,57,38
9/19/2014 0:00,8636,Inter,INT,67,67,68,69,66,23,57,34
9/10/2015 0:00,8636,Inter,INT,58,54,56,60,53,47,49,63
2/22/2011 0:00,8066,Inverness Caledonian Thistle,INV,36,67,66,37,51,37,57,36
2/22/2012 0:00,8066,Inverness Caledonian Thistle,INV,61,59,48,52,54,40,40,46
9/20/2013 0:00,8066,Inverness Caledonian Thistle,INV,35,54,56,54,61,47,46,46
9/19/2014 0:00,8066,Inverness Caledonian Thistle,INV,61,59,50,57,55,43,41,46
9/10/2015 0:00,8066,Inverness Caledonian Thistle,INV,48,32,57,48,69,44,44,51
2/22/2010 0:00,1957,Jagiellonia Bialystok,BIA,30,50,45,35,70,70,70,70
2/22/2011 0:00,1957,Jagiellonia Bialystok,BIA,33,52,48,39,64,32,56,52
2/22/2012 0:00,1957,Jagiellonia Bialystok,BIA,58,69,53,42,68,40,50,51
9/20/2013 0:00,1957,Jagiellonia Bialystok,BIA,58,69,53,42,68,40,50,51
9/19/2014 0:00,1957,Jagiellonia Bialystok,BIA,38,38,53,27,66,57,56,49
9/10/2015 0:00,1957,Jagiellonia Bialystok,BIA,66,38,53,33,66,57,56,49
2/22/2010 0:00,9885,Juventus,JUV,45,35,45,55,70,50,35,70
2/22/2011 0:00,9885,Juventus,JUV,65,50,50,77,50,55,55,35
2/22/2012 0:00,9885,Juventus,JUV,50,35,65,65,50,35,55,35
9/20/2013 0:00,9885,Juventus,JUV,39,33,51,63,72,66,67,36
9/19/2014 0:00,9885,Juventus,JUV,26,24,64,53,72,23,67,36
9/10/2015 0:00,9885,Juventus,JUV,50,20,65,50,80,35,65,35
2/22/2010 0:00,8350,1. FC Kaiserslautern,KAI,45,55,45,70,70,70,70,70
2/22/2011 0:00,8350,1. FC Kaiserslautern,KAI,48,42,49,68,53,38,48,53
2/22/2012 0:00,8350,1. FC Kaiserslautern,KAI,38,54,43,49,64,37,51,53
9/20/2013 0:00,8350,1. FC Kaiserslautern,KAI,61,54,43,62,56,48,50,53
9/19/2014 0:00,8350,1. FC Kaiserslautern,KAI,66,53,54,69,51,47,47,49
9/10/2015 0:00,8350,1. FC Kaiserslautern,KAI,49,52,49,54,64,41,51,53
2/22/2010 0:00,8295,Karlsruher SC,KAR,70,35,70,65,70,65,40,65
2/22/2011 0:00,8295,Karlsruher SC,KAR,53,55,71,56,56,52,46,47
2/22/2012 0:00,8295,Karlsruher SC,KAR,54,47,53,44,49,34,46,39
9/19/2014 0:00,8295,Karlsruher SC,KAR,56,53,53,46,49,32,46,37
9/10/2015 0:00,8295,Karlsruher SC,KAR,54,47,53,44,49,34,46,39
2/22/2010 0:00,8597,Kilmarnock,KIL,70,70,70,70,65,60,70,70
2/22/2011 0:00,8597,Kilmarnock,KIL,36,36,37,52,51,48,43,48
2/22/2012 0:00,8597,Kilmarnock,KIL,56,61,55,48,46,43,43,52
9/20/2013 0:00,8597,Kilmarnock,KIL,53,54,55,50,49,47,49,52
9/19/2014 0:00,8597,Kilmarnock,KIL,56,61,56,48,46,44,44,52
9/10/2015 0:00,8597,Kilmarnock,KIL,50,60,49,62,47,46,46,52
2/22/2010 0:00,8245,Korona Kielce,KKI,30,45,45,35,70,50,70,50
2/22/2011 0:00,8245,Korona Kielce,KKI,67,66,49,49,69,57,48,67
2/22/2012 0:00,8245,Korona Kielce,KKI,75,62,48,53,68,58,43,65
9/20/2013 0:00,8245,Korona Kielce,KKI,70,50,48,53,68,58,43,60
9/19/2014 0:00,8245,Korona Kielce,KKI,73,50,64,53,36,30,43,62
9/10/2015 0:00,8245,Korona Kielce,KKI,59,50,64,53,36,30,43,62
2/22/2010 0:00,8571,KV Kortrijk,KOR,50,60,50,50,50,60,60,65
2/22/2011 0:00,8571,KV Kortrijk,KOR,38,65,38,69,52,34,57,47
2/22/2012 0:00,8571,KV Kortrijk,KOR,31,47,37,67,50,46,45,52
9/20/2013 0:00,8571,KV Kortrijk,KOR,42,40,37,67,30,46,45,52
9/19/2014 0:00,8571,KV Kortrijk,KOR,42,47,37,67,30,46,45,52
9/10/2015 0:00,8571,KV Kortrijk,KOR,42,47,37,67,30,46,45,52
2/22/2010 0:00,8203,KV Mechelen,MEC,65,60,50,40,50,60,70,60
2/22/2011 0:00,8203,KV Mechelen,MEC,67,57,47,47,52,48,61,48
2/22/2012 0:00,8203,KV Mechelen,MEC,52,54,47,53,50,52,60,48
9/20/2013 0:00,8203,KV Mechelen,MEC,52,33,47,53,50,42,60,52
9/19/2014 0:00,8203,KV Mechelen,MEC,52,40,47,53,50,42,51,52
9/10/2015 0:00,8203,KV Mechelen,MEC,52,40,47,53,50,42,51,52
2/22/2010 0:00,8306,UD Las Palmas,LAS,30,30,45,40,70,35,45,45
2/22/2011 0:00,8306,UD Las Palmas,LAS,54,56,67,61,59,48,56,67
2/22/2012 0:00,8306,UD Las Palmas,LAS,48,44,53,42,53,53,39,57
9/20/2013 0:00,8306,UD Las Palmas,LAS,48,44,53,42,53,53,39,57
9/19/2014 0:00,8306,UD Las Palmas,LAS,48,44,53,42,53,53,39,57
9/10/2015 0:00,8306,UD Las Palmas,LAS,48,44,53,42,53,53,39,57
2/22/2010 0:00,7730,FC Lausanne-Sports,LAU,30,60,40,60,60,55,60,50
2/22/2012 0:00,7730,FC Lausanne-Sports,LAU,37,49,52,60,48,43,43,55
9/20/2013 0:00,7730,FC Lausanne-Sports,LAU,51,49,52,60,48,43,43,55
9/19/2014 0:00,7730,FC Lausanne-Sports,LAU,37,49,52,60,52,46,44,55
2/22/2010 0:00,8543,Lazio,LAZ,60,50,50,40,70,55,50,70
2/22/2011 0:00,8543,Lazio,LAZ,60,35,50,35,51,45,50,35
2/22/2012 0:00,8543,Lazio,LAZ,45,50,65,50,50,35,45,50
9/20/2013 0:00,8543,Lazio,LAZ,51,54,68,52,69,59,53,54
9/19/2014 0:00,8543,Lazio,LAZ,49,54,68,63,69,59,53,54
9/10/2015 0:00,8543,Lazio,LAZ,68,55,68,80,72,59,66,65
2/22/2010 0:00,9746,Le Havre AC,LEH,55,45,40,50,65,30,70,30
2/22/2011 0:00,9746,Le Havre AC,LEH,50,50,65,50,65,45,45,65
2/22/2012 0:00,9746,Le Havre AC,LEH,46,52,49,54,52,47,55,66
9/20/2013 0:00,9746,Le Havre AC,LEH,46,52,49,54,52,47,55,52
9/19/2014 0:00,9746,Le Havre AC,LEH,46,52,49,54,52,47,55,52
9/10/2015 0:00,9746,Le Havre AC,LEH,46,52,49,54,52,47,55,52
2/22/2010 0:00,8682,Le Mans FC,LEM,70,45,65,60,65,70,60,70
2/22/2011 0:00,8682,Le Mans FC,LEM,65,50,65,65,65,60,55,35
2/22/2012 0:00,8682,Le Mans FC,LEM,58,47,49,68,50,47,44,51
9/20/2013 0:00,8682,Le Mans FC,LEM,58,47,49,68,50,47,44,51
2/22/2010 0:00,9888,Lecce,LEC,40,30,45,60,70,30,70,65
2/22/2011 0:00,9888,Lecce,LEC,50,50,50,60,52,30,55,65
2/22/2012 0:00,9888,Lecce,LEC,45,50,50,50,35,35,55,50
2/22/2010 0:00,2182,Lech Poznan,POZ,40,35,45,40,70,60,55,45
2/22/2011 0:00,2182,Lech Poznan,POZ,64,57,68,48,70,59,37,48
2/22/2012 0:00,2182,Lech Poznan,POZ,67,54,56,62,67,47,47,63
9/20/2013 0:00,2182,Lech Poznan,POZ,67,54,56,62,67,47,47,63
9/19/2014 0:00,2182,Lech Poznan,POZ,67,54,56,62,67,47,47,63
9/10/2015 0:00,2182,Lech Poznan,POZ,57,40,59,70,67,50,58,45
2/22/2010 0:00,8030,Lechia Gdansk,LGD,30,45,45,35,70,70,70,65
2/22/2011 0:00,8030,Lechia Gdansk,LGD,63,37,68,30,52,46,60,47
2/22/2012 0:00,8030,Lechia Gdansk,LGD,44,52,50,53,68,49,48,65
9/20/2013 0:00,8030,Lechia Gdansk,LGD,44,52,50,53,68,49,59,60
9/19/2014 0:00,8030,Lechia Gdansk,LGD,62,52,50,63,52,37,58,63
9/10/2015 0:00,8030,Lechia Gdansk,LGD,62,52,66,59,58,51,58,40
2/22/2010 0:00,8673,Legia Warszawa,LEG,30,35,55,45,70,65,70,60
2/22/2011 0:00,8673,Legia Warszawa,LEG,67,35,55,36,53,59,48,66
2/22/2012 0:00,8673,Legia Warszawa,LEG,69,55,52,40,53,59,49,67
9/20/2013 0:00,8673,Legia Warszawa,LEG,69,55,52,40,53,59,49,63
9/19/2014 0:00,8673,Legia Warszawa,LEG,54,36,52,51,64,47,46,66
9/10/2015 0:00,8673,Legia Warszawa,LEG,54,36,52,51,64,50,60,58
2/22/2010 0:00,8197,Leicester City,LEI,70,70,70,70,45,70,70,70
2/22/2011 0:00,8197,Leicester City,LEI,36,52,36,52,52,51,34,48
2/22/2012 0:00,8197,Leicester City,LEI,45,48,48,56,56,48,52,54
9/20/2013 0:00,8197,Leicester City,LEI,45,48,48,56,56,48,52,54
9/19/2014 0:00,8197,Leicester City,LEI,63,48,47,62,69,58,62,54
9/10/2015 0:00,8197,Leicester City,LEI,63,60,47,64,46,58,65,55
2/22/2010 0:00,6421,Leixoes SC,LEI,30,30,50,50,65,30,30,30
2/22/2010 0:00,8588,RC Lens,LEN,30,30,60,50,70,70,60,70
2/22/2011 0:00,8588,RC Lens,LEN,65,50,50,65,65,45,55,50
2/22/2012 0:00,8588,RC Lens,LEN,64,49,49,53,34,46,44,49
9/20/2013 0:00,8588,RC Lens,LEN,64,49,49,53,37,42,44,49
9/19/2014 0:00,8588,RC Lens,LEN,64,49,49,53,34,46,44,49
9/10/2015 0:00,8588,RC Lens,LEN,64,50,49,53,46,46,44,49
2/22/2010 0:00,8581,Levante UD,LEV,30,30,45,40,70,30,35,50
2/22/2011 0:00,8581,Levante UD,LEV,68,56,69,55,58,37,47,54
2/22/2012 0:00,8581,Levante UD,LEV,53,63,55,61,52,47,52,56
9/20/2013 0:00,8581,Levante UD,LEV,57,63,55,61,52,47,52,56
9/19/2014 0:00,8581,Levante UD,LEV,57,63,55,61,52,47,52,56
9/10/2015 0:00,8581,Levante UD,LEV,62,65,71,42,65,36,33,42
2/22/2011 0:00,9989,Lierse SK,LIE,48,65,55,45,50,46,48,45
2/22/2012 0:00,9989,Lierse SK,LIE,69,58,56,52,61,45,49,65
9/20/2013 0:00,9989,Lierse SK,LIE,69,58,56,52,61,38,49,65
9/19/2014 0:00,9989,Lierse SK,LIE,69,58,56,52,61,38,49,65
9/10/2015 0:00,9989,Lierse SK,LIE,69,58,56,52,61,38,49,65
2/22/2010 0:00,8639,LOSC Lille,LIL,70,60,50,45,55,55,70,55
2/22/2011 0:00,8639,LOSC Lille,LIL,65,65,50,80,50,55,55,35
2/22/2012 0:00,8639,LOSC Lille,LIL,34,23,63,52,49,58,56,48
9/20/2013 0:00,8639,LOSC Lille,LIL,34,42,63,52,49,47,42,48
9/19/2014 0:00,8639,LOSC Lille,LIL,45,42,68,52,49,59,42,48
9/10/2015 0:00,8639,LOSC Lille,LIL,45,43,68,52,64,59,42,48
2/22/2010 0:00,8650,Liverpool,LIV,50,35,50,60,70,40,60,40
2/22/2011 0:00,8650,Liverpool,LIV,60,50,40,45,60,55,55,50
2/22/2012 0:00,8650,Liverpool,LIV,60,60,48,73,53,50,48,62
9/20/2013 0:00,8650,Liverpool,LIV,39,44,42,34,54,59,52,61
9/19/2014 0:00,8650,Liverpool,LIV,71,32,34,41,61,51,48,62
9/10/2015 0:00,8650,Liverpool,LIV,66,45,34,34,46,51,52,61
2/22/2010 0:00,8537,Livorno,LIV,30,30,30,30,55,30,30,30
2/22/2011 0:00,8537,Livorno,LIV,65,50,30,65,65,45,60,30
2/22/2012 0:00,8537,Livorno,LIV,50,50,35,50,50,35,45,35
9/20/2013 0:00,8537,Livorno,LIV,58,55,52,57,63,58,49,56
9/19/2014 0:00,8537,Livorno,LIV,58,67,38,23,77,29,57,32
9/10/2015 0:00,8537,Livorno,LIV,58,67,38,27,69,31,57,38
2/22/2011 0:00,8244,Widzew Lodz,LOD,63,48,48,68,53,37,58,63
2/22/2012 0:00,8244,Widzew Lodz,LOD,66,72,70,61,54,32,32,62
9/20/2013 0:00,8244,Widzew Lodz,LOD,66,59,43,61,54,32,43,46
9/19/2014 0:00,8244,Widzew Lodz,LOD,66,72,66,67,51,36,38,65
2/22/2010 0:00,9994,Sporting Lokeren,LOK,60,60,50,40,50,65,65,70
2/22/2011 0:00,9994,Sporting Lokeren,LOK,66,53,48,46,52,48,58,55
2/22/2012 0:00,9994,Sporting Lokeren,LOK,67,52,51,50,50,45,52,52
9/20/2013 0:00,9994,Sporting Lokeren,LOK,67,52,31,50,50,45,52,52
9/19/2014 0:00,9994,Sporting Lokeren,LOK,62,52,42,50,62,45,52,52
9/10/2015 0:00,9994,Sporting Lokeren,LOK,62,52,42,50,62,45,52,52
2/22/2010 0:00,8689,FC Lorient,LOR,45,70,30,50,40,70,60,70
2/22/2011 0:00,8689,FC Lorient,LOR,35,35,80,50,50,55,35,65
2/22/2012 0:00,8689,FC Lorient,LOR,60,42,48,53,64,43,47,48
9/20/2013 0:00,8689,FC Lorient,LOR,60,42,48,53,64,43,47,48
9/19/2014 0:00,8689,FC Lorient,LOR,60,42,48,53,64,43,47,48
9/10/2015 0:00,8689,FC Lorient,LOR,57,50,48,53,46,51,56,55
2/22/2010 0:00,10199,FC Luzern,LUZ,45,60,45,70,60,40,45,50
2/22/2011 0:00,10199,FC Luzern,LUZ,48,57,63,34,64,56,45,52
2/22/2012 0:00,10199,FC Luzern,LUZ,46,48,51,53,55,48,47,50
9/20/2013 0:00,10199,FC Luzern,LUZ,46,48,51,53,55,48,47,50
9/19/2014 0:00,10199,FC Luzern,LUZ,63,51,54,40,66,48,53,50
9/10/2015 0:00,10199,FC Luzern,LUZ,63,51,54,40,66,48,53,50
2/22/2010 0:00,9748,Olympique Lyonnais,LYO,60,40,70,45,70,70,60,70
2/22/2011 0:00,9748,Olympique Lyonnais,LYO,65,50,50,50,80,45,45,65
2/22/2012 0:00,9748,Olympique Lyonnais,LYO,49,52,49,54,67,46,47,47
9/20/2013 0:00,9748,Olympique Lyonnais,LYO,49,52,49,54,67,46,47,47
9/19/2014 0:00,9748,Olympique Lyonnais,LYO,49,52,49,54,67,46,47,47
9/10/2015 0:00,9748,Olympique Lyonnais,LYO,49,52,49,54,67,46,47,47
2/22/2010 0:00,9905,1. FSV Mainz 05,MAI,45,40,45,70,70,50,70,50
2/22/2011 0:00,9905,1. FSV Mainz 05,MAI,65,50,59,62,53,57,53,43
2/22/2012 0:00,9905,1. FSV Mainz 05,MAI,68,57,55,39,60,52,65,53
9/20/2013 0:00,9905,1. FSV Mainz 05,MAI,66,52,55,37,56,48,65,53
9/19/2014 0:00,9905,1. FSV Mainz 05,MAI,67,57,55,38,44,53,60,52
9/10/2015 0:00,9905,1. FSV Mainz 05,MAI,60,53,49,40,44,55,62,47
2/22/2010 0:00,9864,Malaga CF,MAL,60,55,40,45,70,45,65,45
2/22/2011 0:00,9864,Malaga CF,MAL,58,54,54,55,61,45,47,54
2/22/2012 0:00,9864,Malaga CF,MAL,41,36,72,69,50,64,58,42
9/20/2013 0:00,9864,Malaga CF,MAL,45,36,72,69,50,64,58,42
9/19/2014 0:00,9864,Malaga CF,MAL,45,36,69,69,50,64,58,42
9/10/2015 0:00,9864,Malaga CF,MAL,42,36,41,40,50,47,37,52
2/22/2010 0:00,8661,RCD Mallorca,MAL,40,40,50,40,50,45,40,45
2/22/2011 0:00,8661,RCD Mallorca,MAL,53,52,55,52,53,47,48,55
2/22/2012 0:00,8661,RCD Mallorca,MAL,58,57,53,57,53,59,41,56
9/20/2013 0:00,8661,RCD Mallorca,MAL,62,57,53,57,53,59,41,56
9/19/2014 0:00,8661,RCD Mallorca,MAL,62,57,53,57,53,59,41,56
9/10/2015 0:00,8661,RCD Mallorca,MAL,62,57,53,57,53,59,41,56
2/22/2010 0:00,8456,Manchester City,MCI,70,60,55,70,70,45,55,45
2/22/2011 0:00,8456,Manchester City,MCI,70,60,70,65,75,65,65,50
2/22/2012 0:00,8456,Manchester City,MCI,45,55,40,38,48,50,60,54
9/20/2013 0:00,8456,Manchester City,MCI,36,34,39,44,38,42,44,54
9/19/2014 0:00,8456,Manchester City,MCI,59,29,32,49,62,42,44,54
9/10/2015 0:00,8456,Manchester City,MCI,59,29,38,36,24,48,47,54
2/22/2010 0:00,10260,Manchester United,MUN,70,45,45,70,65,40,50,40
2/22/2011 0:00,10260,Manchester United,MUN,65,40,65,65,70,45,45,65
2/22/2012 0:00,10260,Manchester United,MUN,46,54,46,60,55,40,50,56
9/20/2013 0:00,10260,Manchester United,MUN,46,38,46,68,37,49,49,56
9/19/2014 0:00,10260,Manchester United,MUN,46,54,49,72,56,42,41,56
9/10/2015 0:00,10260,Manchester United,MUN,38,44,49,44,40,54,53,56
2/22/2010 0:00,10212,CS Maritimo,MAR,30,30,55,50,65,30,30,30
2/22/2011 0:00,10212,CS Maritimo,MAR,30,30,55,60,50,49,45,50
2/22/2012 0:00,10212,CS Maritimo,MAR,38,44,54,76,55,38,49,46
9/20/2013 0:00,10212,CS Maritimo,MAR,38,44,54,76,55,38,49,46
9/19/2014 0:00,10212,CS Maritimo,MAR,67,66,67,64,55,37,45,44
9/10/2015 0:00,10212,CS Maritimo,MAR,61,66,67,64,55,38,49,46
2/22/2010 0:00,8592,Olympique de Marseille,MAR,55,45,70,65,70,65,70,65
2/22/2011 0:00,8592,Olympique de Marseille,MAR,65,35,65,65,80,55,55,65
2/22/2012 0:00,8592,Olympique de Marseille,MAR,48,50,49,51,48,44,48,51
9/20/2013 0:00,8592,Olympique de Marseille,MAR,48,50,49,77,64,44,48,54
9/19/2014 0:00,8592,Olympique de Marseille,MAR,51,50,49,69,68,48,48,60
9/10/2015 0:00,8592,Olympique de Marseille,MAR,51,41,49,69,31,48,48,60
2/22/2010 0:00,8550,FC Metz,MET,50,30,50,60,65,30,50,30
2/22/2011 0:00,8550,FC Metz,MET,65,65,35,65,50,35,35,65
2/22/2012 0:00,8550,FC Metz,MET,50,49,49,54,53,46,47,50
9/19/2014 0:00,8550,FC Metz,MET,55,49,49,54,53,46,54,50
9/10/2015 0:00,8550,FC Metz,MET,55,49,46,54,53,39,46,42
2/22/2010 0:00,8549,Middlesbrough,MID,70,70,70,70,50,30,70,30
2/22/2011 0:00,8549,Middlesbrough,MID,66,51,64,64,48,54,44,49
2/22/2012 0:00,8549,Middlesbrough,MID,60,72,40,56,72,38,42,42
9/20/2013 0:00,8549,Middlesbrough,MID,60,40,40,56,57,38,42,52
9/19/2014 0:00,8549,Middlesbrough,MID,60,56,49,56,72,38,42,42
9/10/2015 0:00,8549,Middlesbrough,MID,60,46,43,55,37,38,42,42
2/22/2010 0:00,9829,AS Monaco,MON,35,55,65,55,45,70,65,70
2/22/2011 0:00,9829,AS Monaco,MON,65,50,65,35,50,35,55,50
2/22/2012 0:00,9829,AS Monaco,MON,52,48,37,37,37,35,34,51
9/20/2013 0:00,9829,AS Monaco,MON,52,48,37,37,37,35,34,51
9/19/2014 0:00,9829,AS Monaco,MON,52,48,37,37,37,35,34,51
9/10/2015 0:00,9829,AS Monaco,MON,52,43,54,56,23,56,62,51
2/22/2012 0:00,9998,RAEC Mons,MON,50,50,55,48,46,46,45,47
9/20/2013 0:00,9998,RAEC Mons,MON,50,50,55,67,46,46,45,47
9/19/2014 0:00,9998,RAEC Mons,MON,55,55,55,67,46,46,45,47
2/22/2010 0:00,10249,Montpellier Herault SC,MON,35,35,55,35,70,70,70,70
2/22/2011 0:00,10249,Montpellier Herault SC,MON,50,50,35,50,50,35,55,65
2/22/2012 0:00,10249,Montpellier Herault SC,MON,52,47,48,49,52,34,43,37
9/20/2013 0:00,10249,Montpellier Herault SC,MON,52,47,48,49,52,34,43,37
9/19/2014 0:00,10249,Montpellier Herault SC,MON,52,47,48,49,52,53,56,48
9/10/2015 0:00,10249,Montpellier Herault SC,MON,54,65,48,49,45,53,56,48
9/20/2013 0:00,8348,Moreirense FC,MOR,38,43,51,54,39,44,46,48
9/10/2015 0:00,8348,Moreirense FC,MOR,38,43,51,54,39,44,46,48
2/22/2010 0:00,9927,Motherwell,MOT,70,70,70,70,65,60,70,70
2/22/2011 0:00,9927,Motherwell,MOT,48,49,52,52,48,47,46,48
2/22/2012 0:00,9927,Motherwell,MOT,70,55,40,46,60,38,42,62
9/20/2013 0:00,9927,Motherwell,MOT,67,54,49,47,58,39,43,64
9/19/2014 0:00,9927,Motherwell,MOT,70,55,42,47,60,41,43,62
9/10/2015 0:00,9927,Motherwell,MOT,64,55,44,45,27,37,44,51
9/10/2015 0:00,274581,Royal Excel Mouscron,MOP,50,50,50,50,50,45,45,50
9/10/2015 0:00,9996,Royal Excel Mouscron,MOU,50,50,50,50,50,45,45,50
9/10/2015 0:00,9996,Royal Excel Mouscron,MOU,50,50,50,50,50,45,45,50
2/22/2010 0:00,9761,NAC Breda,NAC,30,35,35,40,60,30,30,30
2/22/2011 0:00,9761,NAC Breda,NAC,33,44,35,40,60,42,47,54
2/22/2012 0:00,9761,NAC Breda,NAC,40,48,48,47,42,43,48,50
9/20/2013 0:00,9761,NAC Breda,NAC,58,53,48,47,46,43,48,50
9/19/2014 0:00,9761,NAC Breda,NAC,46,54,32,42,42,43,39,50
9/10/2015 0:00,9761,NAC Breda,NAC,45,59,32,42,54,36,39,40
2/22/2010 0:00,10214,CD Nacional,NAC,45,30,60,55,50,30,30,30
2/22/2011 0:00,10214,CD Nacional,NAC,47,30,60,55,50,35,55,48
2/22/2012 0:00,10214,CD Nacional,NAC,41,43,53,59,53,49,50,57
9/20/2013 0:00,10214,CD Nacional,NAC,41,43,53,59,53,49,50,57
9/19/2014 0:00,10214,CD Nacional,NAC,41,43,53,44,53,42,42,57
9/10/2015 0:00,10214,CD Nacional,NAC,65,43,53,44,53,42,42,57
2/22/2010 0:00,8481,AS Nancy-Lorraine,NAN,65,40,60,70,30,70,70,70
2/22/2011 0:00,8481,AS Nancy-Lorraine,NAN,35,35,35,65,35,35,55,50
2/22/2012 0:00,8481,AS Nancy-Lorraine,NAN,49,49,52,53,67,43,46,50
9/20/2013 0:00,8481,AS Nancy-Lorraine,NAN,49,49,52,53,67,43,46,50
9/19/2014 0:00,8481,AS Nancy-Lorraine,NAN,49,49,52,53,67,43,46,50
9/10/2015 0:00,8481,AS Nancy-Lorraine,NAN,49,49,52,53,67,43,46,50
2/22/2010 0:00,9830,FC Nantes,NAN,55,35,60,65,35,30,45,30
2/22/2011 0:00,9830,FC Nantes,NAN,50,50,35,50,35,45,55,50
2/22/2012 0:00,9830,FC Nantes,NAN,46,51,52,34,49,47,43,50
9/20/2013 0:00,9830,FC Nantes,NAN,46,51,52,44,49,47,51,54
9/19/2014 0:00,9830,FC Nantes,NAN,63,48,52,55,49,47,51,54
9/10/2015 0:00,9830,FC Nantes,NAN,63,56,52,55,46,39,41,52
2/22/2010 0:00,9809,Naval 1 de Maio,NAV,30,30,45,50,70,30,30,30
2/22/2011 0:00,9809,Naval 1 de Maio,NAV,50,65,35,50,50,45,41,35
2/22/2010 0:00,8464,N.E.C.,NEC,32,30,35,40,60,30,30,30
2/22/2011 0:00,8464,N.E.C.,NEC,47,46,48,78,32,33,54,31
2/22/2012 0:00,8464,N.E.C.,NEC,46,38,39,55,50,45,48,53
9/20/2013 0:00,8464,N.E.C.,NEC,46,41,52,37,57,45,48,53
9/19/2014 0:00,8464,N.E.C.,NEC,49,59,52,49,55,40,48,53
2/22/2010 0:00,10261,Newcastle United,NEW,70,60,65,70,60,45,65,45
2/22/2011 0:00,10261,Newcastle United,NEW,55,50,60,50,60,45,45,50
2/22/2012 0:00,10261,Newcastle United,NEW,54,54,54,68,48,52,48,42
9/20/2013 0:00,10261,Newcastle United,NEW,58,72,48,51,46,41,39,51
9/19/2014 0:00,10261,Newcastle United,NEW,54,47,47,51,39,56,54,51
9/10/2015 0:00,10261,Newcastle United,NEW,58,49,47,54,46,41,39,51
2/22/2010 0:00,9831,OGC Nice,NIC,70,70,60,30,65,70,70,70
2/22/2011 0:00,9831,OGC Nice,NIC,50,50,50,50,65,45,45,35
2/22/2012 0:00,9831,OGC Nice,NIC,48,66,49,51,34,26,47,64
9/20/2013 0:00,9831,OGC Nice,NIC,48,66,49,66,34,56,47,64
9/19/2014 0:00,9831,OGC Nice,NIC,48,66,49,66,34,56,47,64
9/10/2015 0:00,9831,OGC Nice,NIC,48,53,49,66,38,57,47,61
2/22/2010 0:00,9850,Norwich City,NOR,65,70,70,70,55,60,70,70
2/22/2011 0:00,9850,Norwich City,NOR,49,52,48,64,66,34,54,48
2/22/2012 0:00,9850,Norwich City,NOR,63,61,42,76,62,40,50,42
9/20/2013 0:00,9850,Norwich City,NOR,70,70,56,67,48,40,43,53
9/19/2014 0:00,9850,Norwich City,NOR,45,64,55,67,42,40,43,51
9/10/2015 0:00,9850,Norwich City,NOR,45,55,46,54,47,38,39,51
2/22/2011 0:00,6269,Novara,NOV,53,35,50,64,49,60,51,40
2/22/2012 0:00,6269,Novara,NOV,55,50,50,50,50,35,45,50
9/20/2013 0:00,6269,Novara,NOV,66,62,56,55,61,36,49,62
9/19/2014 0:00,6269,Novara,NOV,66,56,56,55,57,36,49,53
2/22/2010 0:00,8165,1. FC Nurnberg,NUR,45,50,40,70,70,55,55,40
2/22/2011 0:00,8165,1. FC Nurnberg,NUR,45,50,47,45,56,55,61,46
2/22/2012 0:00,8165,1. FC Nurnberg,NUR,44,49,51,49,48,30,40,43
9/20/2013 0:00,8165,1. FC Nurnberg,NUR,46,49,56,54,67,39,57,44
9/19/2014 0:00,8165,1. FC Nurnberg,NUR,46,38,58,48,55,51,50,47
9/10/2015 0:00,8165,1. FC Nurnberg,NUR,46,49,51,52,59,30,40,44
2/22/2010 0:00,8388,CD Numancia,NUM,55,40,50,55,55,30,55,55
2/22/2011 0:00,8388,CD Numancia,NUM,71,53,38,53,53,40,49,55
2/22/2012 0:00,8388,CD Numancia,NUM,44,45,54,41,57,50,46,62
9/20/2013 0:00,8388,CD Numancia,NUM,44,45,54,41,57,50,46,62
9/19/2014 0:00,8388,CD Numancia,NUM,44,45,54,41,57,50,46,62
9/10/2015 0:00,8388,CD Numancia,NUM,44,45,54,41,57,50,46,62
2/22/2010 0:00,8242,Odra Wodzislaw,ODR,30,45,45,40,70,70,70,65
2/22/2010 0:00,2033,S.C. Olhanense,OLH,45,55,50,60,45,50,45,60
2/22/2011 0:00,2033,S.C. Olhanense,OLH,65,55,50,50,65,50,45,35
2/22/2012 0:00,2033,S.C. Olhanense,OLH,45,40,53,37,44,37,24,44
9/20/2013 0:00,2033,S.C. Olhanense,OLH,45,52,53,37,43,37,31,44
9/19/2014 0:00,2033,S.C. Olhanense,OLH,45,40,53,37,44,37,24,44
9/19/2014 0:00,8573,KV Oostende,OOS,52,54,45,42,53,42,47,44
9/10/2015 0:00,8573,KV Oostende,OOS,52,54,45,42,53,42,47,44
2/22/2010 0:00,8371,CA Osasuna,OSA,35,35,45,65,55,30,65,55
2/22/2011 0:00,8371,CA Osasuna,OSA,55,54,56,69,68,48,61,68
2/22/2012 0:00,8371,CA Osasuna,OSA,34,52,55,59,54,47,52,69
9/20/2013 0:00,8371,CA Osasuna,OSA,38,52,55,59,54,47,52,69
9/19/2014 0:00,8371,CA Osasuna,OSA,38,52,55,59,54,47,52,65
9/10/2015 0:00,8371,CA Osasuna,OSA,38,52,55,59,54,47,52,69
2/22/2012 0:00,1773,Oud-Heverlee Leuven,O-H,52,50,50,53,54,43,44,50
9/20/2013 0:00,1773,Oud-Heverlee Leuven,O-H,52,50,50,53,54,43,44,50
9/19/2014 0:00,1773,Oud-Heverlee Leuven,O-H,52,50,50,53,54,43,44,50
2/22/2010 0:00,6403,FC Pacos de Ferreira,FER,30,30,50,60,60,30,30,30
2/22/2011 0:00,6403,FC Pacos de Ferreira,FER,50,50,50,49,49,45,55,50
2/22/2012 0:00,6403,FC Pacos de Ferreira,FER,38,39,52,53,52,36,39,68
9/20/2013 0:00,6403,FC Pacos de Ferreira,FER,50,39,52,53,52,36,39,64
9/19/2014 0:00,6403,FC Pacos de Ferreira,FER,38,39,52,53,52,36,39,64
9/10/2015 0:00,6403,FC Pacos de Ferreira,FER,63,39,64,53,52,36,39,64
2/22/2010 0:00,8460,SC Paderborn 07,PAD,70,49,50,34,55,30,48,30
2/22/2011 0:00,8460,SC Paderborn 07,PAD,52,48,49,37,55,36,48,40
2/22/2012 0:00,8460,SC Paderborn 07,PAD,67,59,52,48,68,33,52,53
9/20/2013 0:00,8460,SC Paderborn 07,PAD,67,59,52,48,68,40,52,53
9/19/2014 0:00,8460,SC Paderborn 07,PAD,73,55,52,48,63,33,55,53
9/10/2015 0:00,8460,SC Paderborn 07,PAD,67,62,56,48,56,25,29,54
2/22/2010 0:00,8540,Palermo,PAL,63,50,30,30,70,45,40,60
2/22/2011 0:00,8540,Palermo,PAL,65,35,50,65,50,35,45,50
2/22/2012 0:00,8540,Palermo,PAL,60,40,50,35,65,45,45,50
9/20/2013 0:00,8540,Palermo,PAL,66,37,56,34,63,43,42,48
9/19/2014 0:00,8540,Palermo,PAL,66,37,56,34,63,43,42,48
9/10/2015 0:00,8540,Palermo,PAL,66,36,60,34,64,44,58,50
2/22/2010 0:00,9847,Paris Saint-Germain,PSG,50,65,40,65,55,70,70,70
2/22/2011 0:00,9847,Paris Saint-Germain,PSG,35,35,35,35,50,45,55,65
2/22/2012 0:00,9847,Paris Saint-Germain,PSG,49,41,62,52,60,49,46,52
9/20/2013 0:00,9847,Paris Saint-Germain,PSG,49,41,62,52,60,49,46,52
9/19/2014 0:00,9847,Paris Saint-Germain,PSG,49,55,62,61,68,57,53,56
9/10/2015 0:00,9847,Paris Saint-Germain,PSG,49,34,62,61,35,57,53,56
2/22/2010 0:00,10167,Parma,PAR,30,30,40,60,70,45,30,70
2/22/2011 0:00,10167,Parma,PAR,50,30,48,55,65,45,47,50
2/22/2012 0:00,10167,Parma,PAR,45,35,50,65,50,45,45,50
9/20/2013 0:00,10167,Parma,PAR,48,33,46,62,45,39,43,46
9/19/2014 0:00,10167,Parma,PAR,48,33,69,62,45,54,66,46
9/10/2015 0:00,10167,Parma,PAR,48,33,69,62,45,43,43,46
9/19/2014 0:00,8426,Partick Thistle F.C.,PAR,48,37,49,50,52,47,44,52
9/10/2015 0:00,8426,Partick Thistle F.C.,PAR,48,47,47,53,60,46,46,49
9/20/2013 0:00,6413,PEC Zwolle,ZWO,47,49,50,50,54,46,44,51
9/19/2014 0:00,6413,PEC Zwolle,ZWO,57,39,57,50,54,58,60,63
9/10/2015 0:00,6413,PEC Zwolle,ZWO,45,56,57,50,58,58,60,63
9/10/2015 0:00,6547,FC Penafiel,PEN,54,39,52,56,38,40,35,46
2/22/2011 0:00,9878,Pescara,PES,50,60,35,50,35,35,60,50
2/22/2012 0:00,9878,Pescara,PES,65,65,65,50,65,45,45,35
9/20/2013 0:00,9878,Pescara,PES,55,40,58,47,36,44,48,48
9/19/2014 0:00,9878,Pescara,PES,64,36,51,64,54,26,46,48
9/10/2015 0:00,9878,Pescara,PES,64,53,41,49,41,39,46,43
2/22/2010 0:00,8028,Piast Gliwice,PIG,30,45,45,35,70,65,70,60
9/20/2013 0:00,8028,Piast Gliwice,PIG,30,46,48,37,39,32,45,48
9/19/2014 0:00,8028,Piast Gliwice,PIG,64,67,64,66,39,36,45,48
9/10/2015 0:00,8028,Piast Gliwice,PIG,64,67,64,66,39,36,45,48
2/22/2012 0:00,8033,Podbeskidzie Bielsko-Biala,POD,54,51,48,47,42,47,57,48
9/20/2013 0:00,8033,Podbeskidzie Bielsko-Biala,POD,54,51,48,47,42,47,57,48
9/19/2014 0:00,8033,Podbeskidzie Bielsko-Biala,POD,72,66,66,51,49,29,35,38
9/10/2015 0:00,8033,Podbeskidzie Bielsko-Biala,POD,68,66,66,51,49,29,35,38
9/20/2013 0:00,8023,Pogon Szczecin,POG,67,54,56,62,67,47,47,63
9/19/2014 0:00,8023,Pogon Szczecin,POG,50,36,52,36,52,50,60,47
9/10/2015 0:00,8023,Pogon Szczecin,POG,50,36,52,40,52,57,54,47
2/22/2010 0:00,8031,Polonia Bytom,POB,30,50,45,35,70,60,70,55
2/22/2011 0:00,8031,Polonia Bytom,POB,46,38,36,33,53,53,54,55
2/22/2010 0:00,2183,P. Warszawa,PWA,30,40,45,40,70,55,65,55
2/22/2011 0:00,2183,P. Warszawa,PWA,33,47,69,40,53,55,34,51
2/22/2012 0:00,2183,P. Warszawa,PWA,34,45,39,67,74,31,32,50
9/20/2013 0:00,2183,P. Warszawa,PWA,34,45,39,52,40,57,32,50
2/22/2010 0:00,8462,Portsmouth,POR,70,70,70,70,55,40,70,40
2/22/2011 0:00,8462,Portsmouth,POR,36,48,48,66,51,36,44,48
2/22/2012 0:00,8462,Portsmouth,POR,64,59,40,42,56,49,51,44
9/20/2013 0:00,8462,Portsmouth,POR,68,62,40,47,56,49,51,44
9/19/2014 0:00,8462,Portsmouth,POR,59,57,49,47,53,39,40,44
9/10/2015 0:00,8462,Portsmouth,POR,59,57,49,47,53,39,40,44
2/22/2010 0:00,8640,PSV,PSV,30,30,33,52,70,30,30,30
2/22/2011 0:00,8640,PSV,PSV,63,30,67,65,68,57,37,64
2/22/2012 0:00,8640,PSV,PSV,33,42,40,55,48,43,30,48
9/20/2013 0:00,8640,PSV,PSV,54,45,55,58,55,43,50,48
9/19/2014 0:00,8640,PSV,PSV,67,40,53,53,55,50,62,55
9/10/2015 0:00,8640,PSV,PSV,67,43,53,44,28,40,40,48
2/22/2010 0:00,10172,Queens Park Rangers,QPR,70,70,70,70,70,70,70,70
2/22/2011 0:00,10172,Queens Park Rangers,QPR,51,49,36,48,52,44,43,40
2/22/2012 0:00,10172,Queens Park Rangers,QPR,57,58,60,48,48,42,51,44
9/20/2013 0:00,10172,Queens Park Rangers,QPR,58,54,53,39,54,49,47,44
9/19/2014 0:00,10172,Queens Park Rangers,QPR,52,53,53,54,54,50,44,54
9/10/2015 0:00,10172,Queens Park Rangers,QPR,30,61,53,53,60,50,44,54
2/22/2010 0:00,8696,Racing Santander,SAN,45,55,70,70,65,45,55,50
2/22/2011 0:00,8696,Racing Santander,SAN,53,56,73,72,39,47,37,53
2/22/2012 0:00,8696,Racing Santander,SAN,43,44,61,71,50,50,50,68
9/20/2013 0:00,8696,Racing Santander,SAN,47,44,61,71,50,50,50,68
9/10/2015 0:00,8696,Racing Santander,SAN,48,47,53,53,53,51,47,53
2/22/2010 0:00,8548,Rangers,RAN,65,50,70,70,70,60,70,70
2/22/2011 0:00,8548,Rangers,RAN,51,33,48,67,79,46,47,51
2/22/2012 0:00,8548,Rangers,RAN,45,45,38,62,60,48,48,62
9/20/2013 0:00,8548,Rangers,RAN,55,45,38,52,60,48,48,52
9/19/2014 0:00,8548,Rangers,RAN,45,45,38,62,60,48,48,62
9/10/2015 0:00,8548,Rangers,RAN,45,55,38,62,53,48,48,55
2/22/2010 0:00,8370,Rayo Vallecano,RAY,40,30,35,50,70,30,50,40
2/22/2011 0:00,8370,Rayo Vallecano,RAY,53,55,44,56,61,58,52,68
2/22/2012 0:00,8370,Rayo Vallecano,RAY,41,44,44,44,47,63,51,59
9/20/2013 0:00,8370,Rayo Vallecano,RAY,45,44,44,44,47,63,51,59
9/19/2014 0:00,8370,Rayo Vallecano,RAY,45,44,44,44,47,63,51,59
9/10/2015 0:00,8370,Rayo Vallecano,RAY,29,44,44,44,47,54,52,63
2/22/2010 0:00,9798,Reading,REA,70,70,70,70,70,70,60,70
2/22/2011 0:00,9798,Reading,REA,49,36,57,73,55,49,31,67
2/22/2012 0:00,9798,Reading,REA,49,49,46,58,56,49,51,45
9/20/2013 0:00,9798,Reading,REA,49,61,55,58,37,39,44,52
9/19/2014 0:00,9798,Reading,REA,44,72,71,39,37,58,52,52
9/10/2015 0:00,9798,Reading,REA,44,64,62,65,42,51,47,52
2/22/2010 0:00,8603,Real Betis Balompie,BET,45,45,30,50,55,50,45,55
2/22/2011 0:00,8603,Real Betis Balompie,BET,37,51,68,66,72,42,40,53
2/22/2012 0:00,8603,Real Betis Balompie,BET,55,37,59,43,53,58,49,58
9/20/2013 0:00,8603,Real Betis Balompie,BET,59,37,59,43,53,58,49,58
9/19/2014 0:00,8603,Real Betis Balompie,BET,59,37,59,43,53,58,49,58
9/10/2015 0:00,8603,Real Betis Balompie,BET,59,37,59,43,53,58,49,58
2/22/2010 0:00,8633,Real Madrid CF,REA,55,30,70,60,70,65,40,65
2/22/2011 0:00,8633,Real Madrid CF,REA,54,39,67,60,67,68,55,55
2/22/2012 0:00,8633,Real Madrid CF,REA,45,35,71,54,73,49,60,68
9/20/2013 0:00,8633,Real Madrid CF,REA,50,41,68,54,72,39,49,65
9/19/2014 0:00,8633,Real Madrid CF,REA,50,41,68,54,69,39,49,65
9/10/2015 0:00,8633,Real Madrid CF,REA,50,46,61,41,63,52,60,63
2/22/2010 0:00,8560,Real Sociedad,SOC,40,30,50,40,70,45,30,35
2/22/2011 0:00,8560,Real Sociedad,SOC,54,43,54,51,60,49,49,51
2/22/2012 0:00,8560,Real Sociedad,SOC,24,36,60,52,59,48,53,70
9/20/2013 0:00,8560,Real Sociedad,SOC,28,36,60,52,59,48,53,70
9/19/2014 0:00,8560,Real Sociedad,SOC,35,36,60,52,59,48,53,65
9/10/2015 0:00,8560,Real Sociedad,SOC,60,50,54,60,52,49,53,53
2/22/2010 0:00,8479,RC Recreativo,HUE,50,40,40,40,50,35,55,40
2/22/2011 0:00,8479,RC Recreativo,HUE,45,58,41,42,52,39,39,66
2/22/2012 0:00,8479,RC Recreativo,HUE,41,54,67,50,23,40,49,62
9/20/2013 0:00,8479,RC Recreativo,HUE,41,54,45,50,23,40,49,62
9/19/2014 0:00,8479,RC Recreativo,HUE,41,54,45,50,35,40,49,62
9/10/2015 0:00,8479,RC Recreativo,HUE,37,43,30,42,37,40,49,54
2/22/2010 0:00,8690,Reggio Calabria,REG,55,30,30,30,70,40,50,50
2/22/2011 0:00,8690,Reggio Calabria,REG,55,30,30,30,49,40,50,50
2/22/2012 0:00,8690,Reggio Calabria,REG,50,50,50,65,50,35,45,50
9/20/2013 0:00,8690,Reggio Calabria,REG,52,56,57,74,55,38,48,52
9/19/2014 0:00,8690,Reggio Calabria,REG,52,56,57,74,53,38,48,52
2/22/2011 0:00,9837,Stade de Reims,REI,35,50,65,50,50,45,45,50
2/22/2012 0:00,9837,Stade de Reims,REI,61,48,48,52,50,33,44,50
9/20/2013 0:00,9837,Stade de Reims,REI,61,48,48,52,50,33,44,50
9/19/2014 0:00,9837,Stade de Reims,REI,48,48,48,52,50,33,44,50
9/10/2015 0:00,9837,Stade de Reims,REI,48,49,48,52,58,33,44,50
2/22/2010 0:00,9851,Stade Rennais FC,REN,50,45,70,60,60,70,70,70
2/22/2011 0:00,9851,Stade Rennais FC,REN,65,35,65,65,65,55,45,65
2/22/2012 0:00,9851,Stade Rennais FC,REN,64,41,49,52,64,46,44,51
9/20/2013 0:00,9851,Stade Rennais FC,REN,64,41,49,52,64,46,44,51
9/19/2014 0:00,9851,Stade Rennais FC,REN,64,41,49,52,64,46,44,51
9/10/2015 0:00,9851,Stade Rennais FC,REN,64,41,49,52,64,46,44,51
2/22/2010 0:00,7841,Rio Ave FC,RA,30,30,45,55,60,30,30,30
2/22/2011 0:00,7841,Rio Ave FC,RA,50,50,65,65,50,45,45,50
2/22/2012 0:00,7841,Rio Ave FC,RA,36,38,60,54,54,39,50,42
9/20/2013 0:00,7841,Rio Ave FC,RA,36,38,60,54,54,39,50,42
9/19/2014 0:00,7841,Rio Ave FC,RA,66,44,58,65,54,39,48,66
9/10/2015 0:00,7841,Rio Ave FC,RA,66,44,58,65,54,39,48,66
2/22/2010 0:00,10219,RKC Waalwijk,RKC,30,50,35,60,55,50,45,55
2/22/2012 0:00,10219,RKC Waalwijk,RKC,47,48,42,38,55,41,41,43
9/20/2013 0:00,10219,RKC Waalwijk,RKC,47,48,66,38,55,29,28,36
9/19/2014 0:00,10219,RKC Waalwijk,RKC,57,55,42,36,55,31,30,38
2/22/2010 0:00,8551,Siena,SIE,35,30,30,30,55,40,65,55
2/22/2011 0:00,8551,Siena,SIE,50,50,50,65,55,40,45,55
2/22/2012 0:00,8551,Siena,SIE,45,50,50,50,50,45,45,50
9/20/2013 0:00,8551,Siena,SIE,47,48,54,56,52,37,49,51
9/19/2014 0:00,8551,Siena,SIE,47,48,64,67,52,44,49,51
2/22/2010 0:00,9803,Roda JC Kerkrade,ROD,30,35,35,50,70,30,30,30
2/22/2011 0:00,9803,Roda JC Kerkrade,ROD,65,51,33,38,53,48,57,34
2/22/2012 0:00,9803,Roda JC Kerkrade,ROD,55,52,62,43,54,47,44,50
9/20/2013 0:00,9803,Roda JC Kerkrade,ROD,42,44,49,40,38,47,44,55
9/19/2014 0:00,9803,Roda JC Kerkrade,ROD,43,44,59,45,42,39,37,42
2/22/2010 0:00,9999,KSV Roeselare,ROS,65,60,50,35,40,65,70,70
2/22/2010 0:00,8686,Roma,ROM,70,30,60,60,70,55,30,70
2/22/2011 0:00,8686,Roma,ROM,64,30,67,50,65,46,47,50
2/22/2012 0:00,8686,Roma,ROM,60,40,65,35,50,35,45,50
9/20/2013 0:00,8686,Roma,ROM,53,55,77,75,56,49,47,53
9/19/2014 0:00,8686,Roma,ROM,67,38,73,64,56,36,57,34
9/10/2015 0:00,8686,Roma,ROM,68,47,71,54,66,36,57,48
9/20/2013 0:00,8649,Ross County FC,ROS,35,62,50,36,50,40,56,47
9/19/2014 0:00,8649,Ross County FC,ROS,34,34,44,38,38,39,51,44
9/10/2015 0:00,8649,Ross County FC,ROS,45,60,46,49,58,36,53,34
2/22/2010 0:00,1601,Ruch Chorzow,CHO,30,40,50,35,70,65,60,50
2/22/2011 0:00,1601,Ruch Chorzow,CHO,48,51,68,67,51,46,48,50
2/22/2012 0:00,1601,Ruch Chorzow,CHO,53,55,44,65,50,43,44,49
9/20/2013 0:00,1601,Ruch Chorzow,CHO,53,55,44,65,50,43,44,49
9/19/2014 0:00,1601,Ruch Chorzow,CHO,53,38,66,65,50,43,44,49
9/10/2015 0:00,1601,Ruch Chorzow,CHO,47,38,61,65,50,43,44,49
2/22/2010 0:00,9853,AS Saint-Etienne,ETI,65,65,55,60,60,30,30,30
2/22/2011 0:00,9853,AS Saint-Etienne,ETI,65,35,35,65,65,35,45,65
2/22/2012 0:00,9853,AS Saint-Etienne,ETI,49,52,48,52,52,35,44,50
9/20/2013 0:00,9853,AS Saint-Etienne,ETI,49,52,48,52,52,35,44,50
9/19/2014 0:00,9853,AS Saint-Etienne,ETI,58,52,48,52,52,35,44,50
9/10/2015 0:00,9853,AS Saint-Etienne,ETI,58,52,48,64,52,48,51,49
2/22/2010 0:00,9882,Sampdoria,SAM,60,30,30,30,65,50,30,55
2/22/2011 0:00,9882,Sampdoria,SAM,50,65,65,65,50,35,45,55
2/22/2012 0:00,9882,Sampdoria,SAM,35,35,35,65,35,45,45,50
9/20/2013 0:00,9882,Sampdoria,SAM,36,38,49,62,33,50,51,53
9/19/2014 0:00,9882,Sampdoria,SAM,36,38,49,52,62,54,57,64
9/10/2015 0:00,9882,Sampdoria,SAM,36,38,49,52,29,50,51,53
2/22/2010 0:00,7943,Sassuolo,SAS,30,30,30,30,60,30,30,30
2/22/2011 0:00,7943,Sassuolo,SAS,50,50,50,61,60,45,30,30
2/22/2012 0:00,7943,Sassuolo,SAS,50,50,50,50,50,35,45,50
9/20/2013 0:00,7943,Sassuolo,SAS,57,60,56,63,64,38,47,53
9/19/2014 0:00,7943,Sassuolo,SAS,57,60,66,57,63,54,47,36
9/10/2015 0:00,7943,Sassuolo,SAS,57,60,56,57,56,38,47,53
2/22/2010 0:00,7794,SC Bastia,BAS,40,45,50,35,55,70,70,70
2/22/2012 0:00,7794,SC Bastia,BAS,50,50,50,51,49,44,45,50
9/20/2013 0:00,7794,SC Bastia,BAS,50,50,50,51,49,44,45,50
9/19/2014 0:00,7794,SC Bastia,BAS,67,43,56,51,49,39,47,48
9/10/2015 0:00,7794,SC Bastia,BAS,61,52,56,51,49,44,55,48
2/22/2010 0:00,10228,SC Heerenveen,HEE,35,30,45,45,60,30,30,30
2/22/2011 0:00,10228,SC Heerenveen,HEE,49,48,52,67,52,58,60,65
2/22/2012 0:00,10228,SC Heerenveen,HEE,67,53,48,75,39,45,44,48
9/20/2013 0:00,10228,SC Heerenveen,HEE,47,37,48,52,42,46,44,48
9/19/2014 0:00,10228,SC Heerenveen,HEE,53,46,65,43,46,46,44,48
9/10/2015 0:00,10228,SC Heerenveen,HEE,54,56,65,43,44,46,44,48
2/22/2010 0:00,10189,FC Schalke 04,S04,65,55,55,70,70,70,45,70
2/22/2011 0:00,10189,FC Schalke 04,S04,63,57,55,70,62,37,67,38
2/22/2012 0:00,10189,FC Schalke 04,S04,50,36,59,52,56,43,44,53
9/20/2013 0:00,10189,FC Schalke 04,S04,60,47,62,54,52,45,58,42
9/19/2014 0:00,10189,FC Schalke 04,S04,39,45,42,56,41,51,51,40
9/10/2015 0:00,10189,FC Schalke 04,S04,58,42,64,61,37,55,59,56
2/22/2010 0:00,9777,Servette FC,SER,30,55,45,70,60,55,60,55
2/22/2012 0:00,9777,Servette FC,SER,48,51,53,66,45,49,45,49
9/20/2013 0:00,9777,Servette FC,SER,48,51,53,66,45,49,45,49
2/22/2010 0:00,8302,Sevilla FC,SEV,30,30,70,60,70,60,70,65
2/22/2011 0:00,8302,Sevilla FC,SEV,68,58,68,67,71,57,58,68
2/22/2012 0:00,8302,Sevilla FC,SEV,61,65,53,57,38,38,49,55
9/20/2013 0:00,8302,Sevilla FC,SEV,65,65,53,57,38,38,49,55
9/19/2014 0:00,8302,Sevilla FC,SEV,65,65,53,57,38,38,49,55
9/10/2015 0:00,8302,Sevilla FC,SEV,53,53,53,52,60,42,48,59
2/22/2010 0:00,10179,FC Sion,SIO,35,60,50,60,60,35,40,45
2/22/2011 0:00,10179,FC Sion,SIO,47,56,67,56,54,41,43,39
2/22/2012 0:00,10179,FC Sion,SIO,61,37,62,50,53,45,43,54
9/20/2013 0:00,10179,FC Sion,SIO,61,37,62,50,53,45,43,54
9/19/2014 0:00,10179,FC Sion,SIO,61,37,62,50,53,45,47,54
9/10/2015 0:00,10179,FC Sion,SIO,61,37,62,50,53,45,47,54
2/22/2010 0:00,8025,Slask Wroclaw,SLA,30,45,45,35,70,60,70,50
2/22/2011 0:00,8025,Slask Wroclaw,SLA,47,55,45,48,54,48,47,51
2/22/2012 0:00,8025,Slask Wroclaw,SLA,65,63,67,31,67,24,24,39
9/20/2013 0:00,8025,Slask Wroclaw,SLA,65,50,67,31,67,30,30,40
9/19/2014 0:00,8025,Slask Wroclaw,SLA,47,34,38,36,68,37,37,39
9/10/2015 0:00,8025,Slask Wroclaw,SLA,50,35,51,51,55,45,55,39
2/22/2010 0:00,9874,FC Sochaux-Montbeliard,SOC,66,70,35,40,50,65,30,65
2/22/2011 0:00,9874,FC Sochaux-Montbeliard,SOC,50,50,35,65,35,45,55,65
2/22/2012 0:00,9874,FC Sochaux-Montbeliard,SOC,63,39,63,72,49,54,43,49
9/20/2013 0:00,9874,FC Sochaux-Montbeliard,SOC,63,39,63,64,49,54,43,49
9/19/2014 0:00,9874,FC Sochaux-Montbeliard,SOC,63,39,63,64,49,54,43,49
9/10/2015 0:00,9874,FC Sochaux-Montbeliard,SOC,63,39,63,64,49,54,43,49
2/22/2010 0:00,8466,Southampton,SOU,70,55,70,70,65,70,70,70
2/22/2011 0:00,8466,Southampton,SOU,52,37,48,49,47,43,43,48
2/22/2012 0:00,8466,Southampton,SOU,47,52,54,56,60,48,52,44
9/20/2013 0:00,8466,Southampton,SOU,47,38,52,56,58,57,63,44
9/19/2014 0:00,8466,Southampton,SOU,47,40,42,56,51,62,64,44
9/10/2015 0:00,8466,Southampton,SOU,52,46,42,54,30,50,65,44
2/22/2010 0:00,8614,Sparta Rotterdam,SPA,35,40,30,45,65,30,30,30
2/22/2010 0:00,9986,Sporting Charleroi,CHA,40,50,45,43,60,70,70,70
2/22/2011 0:00,9986,Sporting Charleroi,CHA,47,36,34,33,53,49,58,48
9/20/2013 0:00,9986,Sporting Charleroi,CHA,60,53,48,50,48,42,48,49
9/19/2014 0:00,9986,Sporting Charleroi,CHA,60,53,48,50,48,42,48,49
9/10/2015 0:00,9986,Sporting Charleroi,CHA,60,53,48,50,48,39,48,49
2/22/2010 0:00,9768,Sporting CP,SCP,30,30,55,60,55,30,30,30
2/22/2011 0:00,9768,Sporting CP,SCP,50,35,65,65,35,55,45,50
2/22/2012 0:00,9768,Sporting CP,SCP,53,56,67,68,69,52,49,54
9/20/2013 0:00,9768,Sporting CP,SCP,53,56,67,68,60,52,49,54
9/19/2014 0:00,9768,Sporting CP,SCP,55,56,42,50,55,60,60,54
9/10/2015 0:00,9768,Sporting CP,SCP,57,56,42,50,55,60,60,54
2/22/2010 0:00,9869,Real Sporting de Gijon,SPG,70,55,65,50,70,70,70,55
2/22/2011 0:00,9869,Real Sporting de Gijon,SPG,68,53,67,51,65,58,51,55
2/22/2012 0:00,9869,Real Sporting de Gijon,SPG,51,43,68,61,44,36,60,39
9/20/2013 0:00,9869,Real Sporting de Gijon,SPG,55,43,68,61,44,36,60,39
9/19/2014 0:00,9869,Real Sporting de Gijon,SPG,55,43,68,61,44,36,60,39
9/10/2015 0:00,9869,Real Sporting de Gijon,SPG,55,50,62,59,38,45,54,41
2/22/2010 0:00,9875,Napoli,NAP,70,30,30,35,70,50,70,45
2/22/2011 0:00,9875,Napoli,NAP,50,35,65,65,50,50,70,45
2/22/2012 0:00,9875,Napoli,NAP,60,50,65,65,50,45,55,50
9/20/2013 0:00,9875,Napoli,NAP,68,52,68,69,53,44,57,53
9/19/2014 0:00,9875,Napoli,NAP,72,34,76,66,73,61,59,39
9/10/2015 0:00,9875,Napoli,NAP,53,37,68,54,67,47,57,53
2/22/2010 0:00,10190,FC St. Gallen,GAL,35,60,35,55,55,50,55,50
2/22/2011 0:00,10190,FC St. Gallen,GAL,47,55,47,54,56,49,55,48
9/20/2013 0:00,10190,FC St. Gallen,GAL,52,48,39,39,37,40,41,52
9/19/2014 0:00,10190,FC St. Gallen,GAL,52,48,39,39,37,40,41,52
9/10/2015 0:00,10190,FC St. Gallen,GAL,52,48,39,39,37,40,36,52
2/22/2010 0:00,9800,St. Mirren,MIR,70,70,70,70,70,60,70,70
2/22/2011 0:00,9800,St. Mirren,MIR,48,48,52,48,48,43,44,51
2/22/2012 0:00,9800,St. Mirren,MIR,60,75,62,45,60,50,48,40
9/20/2013 0:00,9800,St. Mirren,MIR,42,43,47,46,60,53,49,42
9/19/2014 0:00,9800,St. Mirren,MIR,58,70,62,56,61,50,49,41
9/10/2015 0:00,9800,St. Mirren,MIR,38,33,53,58,53,60,58,48
2/22/2010 0:00,8152,FC St. Pauli,STP,60,60,50,70,70,60,70,55
2/22/2011 0:00,8152,FC St. Pauli,STP,60,42,63,55,56,49,60,55
2/22/2012 0:00,8152,FC St. Pauli,STP,53,64,60,34,53,49,44,59
9/20/2013 0:00,8152,FC St. Pauli,STP,53,56,62,46,53,49,44,57
9/19/2014 0:00,8152,FC St. Pauli,STP,53,56,68,53,34,46,44,54
9/10/2015 0:00,8152,FC St. Pauli,STP,52,56,62,53,38,39,44,57
2/22/2010 0:00,8467,St. Johnstone FC,JOH,70,50,50,50,50,30,70,30
2/22/2011 0:00,8467,St. Johnstone FC,JOH,67,48,47,47,54,33,47,37
2/22/2012 0:00,8467,St. Johnstone FC,JOH,57,57,46,48,38,42,38,52
9/20/2013 0:00,8467,St. Johnstone FC,JOH,60,58,48,49,38,44,42,56
9/19/2014 0:00,8467,St. Johnstone FC,JOH,56,57,47,49,40,40,40,52
9/10/2015 0:00,8467,St. Johnstone FC,JOH,62,48,47,49,40,37,48,55
2/22/2010 0:00,9997,Sint-Truidense VV,STT,50,50,50,50,50,50,50,50
2/22/2011 0:00,9997,Sint-Truidense VV,STT,53,53,48,52,53,46,46,46
2/22/2012 0:00,9997,Sint-Truidense VV,STT,52,55,52,55,47,32,40,41
2/22/2010 0:00,9985,Standard de Liege,STL,53,40,55,55,65,70,70,65
2/22/2011 0:00,9985,Standard de Liege,STL,68,66,53,66,63,59,47,66
2/22/2012 0:00,9985,Standard de Liege,STL,75,70,55,58,60,45,60,52
9/20/2013 0:00,9985,Standard de Liege,STL,54,62,55,58,60,45,60,52
9/19/2014 0:00,9985,Standard de Liege,STL,54,62,55,58,60,45,54,52
9/10/2015 0:00,9985,Standard de Liege,STL,54,62,55,58,60,45,54,52
2/22/2010 0:00,10194,Stoke City,STK,65,70,70,70,55,35,70,35
2/22/2011 0:00,10194,Stoke City,STK,50,80,30,70,35,25,65,50
2/22/2012 0:00,10194,Stoke City,STK,75,75,40,72,55,50,58,45
9/20/2013 0:00,10194,Stoke City,STK,75,73,59,61,38,32,37,41
9/19/2014 0:00,10194,Stoke City,STK,48,55,51,57,37,38,40,41
9/10/2015 0:00,10194,Stoke City,STK,48,49,51,59,49,44,37,51
2/22/2010 0:00,8472,Sunderland,SUN,60,70,70,70,55,35,70,35
2/22/2011 0:00,8472,Sunderland,SUN,55,55,55,65,55,45,55,65
2/22/2012 0:00,8472,Sunderland,SUN,67,62,44,72,59,47,53,60
9/20/2013 0:00,8472,Sunderland,SUN,57,66,56,31,72,47,52,49
9/19/2014 0:00,8472,Sunderland,SUN,60,61,56,44,58,41,38,53
9/10/2015 0:00,8472,Sunderland,SUN,43,51,59,50,55,47,45,49
2/22/2010 0:00,10003,Swansea City,SWA,65,70,70,70,70,70,70,70
2/22/2011 0:00,10003,Swansea City,SWA,66,34,52,51,64,44,47,64
2/22/2012 0:00,10003,Swansea City,SWA,26,24,62,39,57,48,58,60
9/20/2013 0:00,10003,Swansea City,SWA,41,39,36,42,44,52,58,57
9/19/2014 0:00,10003,Swansea City,SWA,63,34,34,51,36,51,58,54
9/10/2015 0:00,10003,Swansea City,SWA,45,42,34,36,55,31,47,42
2/22/2010 0:00,9867,CD Tenerife,TEN,30,30,45,30,65,50,30,45
2/22/2011 0:00,9867,CD Tenerife,TEN,56,51,68,52,60,57,50,67
9/19/2014 0:00,9867,CD Tenerife,TEN,56,57,56,51,54,52,50,65
9/10/2015 0:00,9867,CD Tenerife,TEN,56,57,56,51,54,52,50,69
2/22/2011 0:00,10191,FC Thun,THU,51,39,54,46,31,37,34,46
2/22/2012 0:00,10191,FC Thun,THU,58,35,67,32,66,47,45,53
9/20/2013 0:00,10191,FC Thun,THU,58,35,67,32,66,47,45,53
9/19/2014 0:00,10191,FC Thun,THU,58,35,64,36,66,47,45,53
9/10/2015 0:00,10191,FC Thun,THU,58,35,64,36,66,47,45,53
2/22/2010 0:00,9804,Torino,TOR,45,35,40,30,70,45,35,55
2/22/2011 0:00,9804,Torino,TOR,45,35,40,47,35,45,45,55
2/22/2012 0:00,9804,Torino,TOR,50,50,50,65,50,35,45,50
9/20/2013 0:00,9804,Torino,TOR,71,36,37,72,53,39,46,52
9/19/2014 0:00,9804,Torino,TOR,76,64,64,72,53,39,34,52
9/10/2015 0:00,9804,Torino,TOR,69,36,37,69,53,39,46,52
2/22/2010 0:00,8586,Tottenham Hotspur,TOT,70,50,50,65,50,50,50,50
2/22/2011 0:00,8586,Tottenham Hotspur,TOT,60,55,70,70,70,30,40,60
2/22/2012 0:00,8586,Tottenham Hotspur,TOT,44,47,52,63,61,43,44,51
9/20/2013 0:00,8586,Tottenham Hotspur,TOT,42,46,45,58,68,63,61,57
9/19/2014 0:00,8586,Tottenham Hotspur,TOT,41,38,41,59,62,58,51,56
9/10/2015 0:00,8586,Tottenham Hotspur,TOT,47,40,41,41,63,63,54,56
2/22/2010 0:00,9941,Toulouse FC,TOU,35,70,45,70,35,30,45,30
2/22/2011 0:00,9941,Toulouse FC,TOU,65,50,50,50,65,35,55,50
2/22/2012 0:00,9941,Toulouse FC,TOU,49,53,52,34,36,36,45,49
9/20/2013 0:00,9941,Toulouse FC,TOU,49,53,52,34,36,36,45,49
9/19/2014 0:00,9941,Toulouse FC,TOU,49,53,52,34,57,36,52,49
9/10/2015 0:00,9941,Toulouse FC,TOU,49,53,52,34,36,36,45,49
2/22/2011 0:00,10242,ES Troyes AC,TRO,35,50,50,50,35,45,45,50
2/22/2012 0:00,10242,ES Troyes AC,TRO,49,51,52,49,49,43,42,52
9/20/2013 0:00,10242,ES Troyes AC,TRO,49,51,52,49,49,43,42,52
9/19/2014 0:00,10242,ES Troyes AC,TRO,49,51,52,49,46,43,42,52
9/10/2015 0:00,10242,ES Troyes AC,TRO,49,51,52,49,46,43,42,52
2/22/2010 0:00,8611,FC Twente,TWE,30,30,40,40,65,30,30,30
2/22/2011 0:00,8611,FC Twente,TWE,55,55,63,62,47,61,59,54
2/22/2012 0:00,8611,FC Twente,TWE,25,28,44,68,37,62,68,67
9/20/2013 0:00,8611,FC Twente,TWE,35,38,44,50,41,34,44,54
9/19/2014 0:00,8611,FC Twente,TWE,38,34,63,65,37,44,41,55
9/10/2015 0:00,8611,FC Twente,TWE,48,43,43,58,39,44,41,55
2/22/2010 0:00,8600,Udinese,UDI,64,35,30,50,70,35,30,55
2/22/2011 0:00,8600,Udinese,UDI,70,49,66,50,50,44,45,55
2/22/2012 0:00,8600,Udinese,UDI,75,45,65,65,50,45,55,50
9/20/2013 0:00,8600,Udinese,UDI,78,63,69,78,52,40,63,57
9/19/2014 0:00,8600,Udinese,UDI,71,63,69,78,52,40,46,57
9/10/2015 0:00,8600,Udinese,UDI,68,63,69,68,52,40,57,57
2/22/2010 0:00,9771,Uniao de Leiria SAD,ULE,50,50,50,50,50,50,50,50
2/22/2011 0:00,9771,Uniao de Leiria SAD,ULE,50,50,50,50,50,50,50,50
2/22/2012 0:00,9771,Uniao de Leiria SAD,ULE,36,36,52,50,46,53,45,56
2/22/2010 0:00,10267,Valencia CF,VAL,30,30,55,60,70,55,60,60
2/22/2011 0:00,10267,Valencia CF,VAL,41,40,56,55,64,40,48,54
2/22/2012 0:00,10267,Valencia CF,VAL,20,35,38,56,55,51,38,59
9/20/2013 0:00,10267,Valencia CF,VAL,20,35,38,56,55,51,38,59
9/19/2014 0:00,10267,Valencia CF,VAL,30,35,38,56,55,51,38,59
9/10/2015 0:00,10267,Valencia CF,VAL,35,35,37,51,58,49,45,53
2/22/2010 0:00,9873,Valenciennes FC,VAL,60,70,50,60,60,30,55,30
2/22/2011 0:00,9873,Valenciennes FC,VAL,65,50,50,65,50,45,45,65
2/22/2012 0:00,9873,Valenciennes FC,VAL,49,50,51,60,61,43,57,51
9/20/2013 0:00,9873,Valenciennes FC,VAL,49,50,51,76,61,43,57,51
9/19/2014 0:00,9873,Valenciennes FC,VAL,49,52,51,67,56,47,51,46
9/10/2015 0:00,9873,Valenciennes FC,VAL,49,52,51,67,56,47,51,46
2/22/2010 0:00,10281,Real Valladolid,VAL,55,40,45,30,60,30,65,30
2/22/2011 0:00,10281,Real Valladolid,VAL,54,55,44,60,62,43,52,59
2/22/2012 0:00,10281,Real Valladolid,VAL,55,54,58,73,41,51,50,60
9/20/2013 0:00,10281,Real Valladolid,VAL,55,54,58,73,41,51,50,60
9/19/2014 0:00,10281,Real Valladolid,VAL,55,54,58,68,41,51,50,60
9/10/2015 0:00,10281,Real Valladolid,VAL,43,65,39,51,57,47,40,47
2/22/2012 0:00,9876,Hellas Verona,VER,50,50,50,50,50,45,55,50
9/20/2013 0:00,9876,Hellas Verona,VER,58,63,55,57,61,47,59,63
9/19/2014 0:00,9876,Hellas Verona,VER,63,48,39,54,55,31,47,37
9/10/2015 0:00,9876,Hellas Verona,VER,57,38,39,54,55,47,59,52
2/22/2010 0:00,10269,VfB Stuttgart,STU,70,30,60,70,70,65,50,60
2/22/2011 0:00,10269,VfB Stuttgart,STU,64,48,60,62,56,45,56,39
2/22/2012 0:00,10269,VfB Stuttgart,STU,50,42,56,66,48,47,44,43
9/20/2013 0:00,10269,VfB Stuttgart,STU,59,41,58,66,65,47,52,38
9/19/2014 0:00,10269,VfB Stuttgart,STU,54,53,60,56,48,46,54,40
9/10/2015 0:00,10269,VfB Stuttgart,STU,59,41,58,66,48,41,44,32
2/22/2010 0:00,10205,Villarreal CF,VIL,64,30,55,35,70,65,30,70
2/22/2011 0:00,10205,Villarreal CF,VIL,42,41,53,38,70,50,48,54
2/22/2012 0:00,10205,Villarreal CF,VIL,20,26,43,57,58,51,51,56
9/20/2013 0:00,10205,Villarreal CF,VIL,24,26,43,57,58,51,51,56
9/19/2014 0:00,10205,Villarreal CF,VIL,35,35,43,57,58,51,51,56
9/10/2015 0:00,10205,Villarreal CF,VIL,48,36,36,52,55,47,48,44
2/22/2010 0:00,8277,Vitesse,VIT,35,35,40,50,60,30,30,30
2/22/2011 0:00,8277,Vitesse,VIT,33,50,68,51,54,55,60,64
2/22/2012 0:00,8277,Vitesse,VIT,37,30,57,42,56,42,54,48
9/20/2013 0:00,8277,Vitesse,VIT,37,39,52,42,62,42,45,48
9/19/2014 0:00,8277,Vitesse,VIT,53,32,53,54,56,42,54,62
9/10/2015 0:00,8277,Vitesse,VIT,57,48,53,37,71,60,58,62
2/22/2010 0:00,7844,Vitoria Guimaraes,GUI,30,30,55,55,55,30,30,30
2/22/2011 0:00,7844,Vitoria Guimaraes,GUI,65,47,65,50,49,55,55,48
2/22/2012 0:00,7844,Vitoria Guimaraes,GUI,40,39,53,68,58,50,59,68
9/20/2013 0:00,7844,Vitoria Guimaraes,GUI,40,39,53,68,58,50,59,64
9/19/2014 0:00,7844,Vitoria Guimaraes,GUI,40,39,53,62,58,37,40,64
9/10/2015 0:00,7844,Vitoria Guimaraes,GUI,40,39,53,62,58,37,40,64
2/22/2010 0:00,10238,Vitoria Setubal,SET,30,30,60,50,55,30,30,30
2/22/2011 0:00,10238,Vitoria Setubal,SET,50,50,50,65,50,35,55,50
2/22/2012 0:00,10238,Vitoria Setubal,SET,56,42,54,52,52,37,37,58
9/20/2013 0:00,10238,Vitoria Setubal,SET,56,42,54,52,52,37,37,58
9/19/2014 0:00,10238,Vitoria Setubal,SET,56,42,54,52,52,37,37,58
9/10/2015 0:00,10238,Vitoria Setubal,SET,58,42,54,52,52,37,37,58
2/22/2010 0:00,9839,VVV-Venlo,VEN,50,50,50,50,50,50,50,50
2/22/2011 0:00,9839,VVV-Venlo,VEN,50,42,50,62,50,38,47,49
2/22/2012 0:00,9839,VVV-Venlo,VEN,41,52,48,60,47,46,55,54
9/20/2013 0:00,9839,VVV-Venlo,VEN,41,52,60,52,52,29,42,49
9/20/2013 0:00,8475,Waasland-Beveren,WAA,62,53,50,30,54,30,49,35
9/19/2014 0:00,8475,Waasland-Beveren,WAA,38,39,29,30,39,25,37,35
9/10/2015 0:00,8475,Waasland-Beveren,WAA,38,49,45,42,53,27,32,35
2/22/2010 0:00,9817,Watford,WAT,70,70,70,70,65,70,70,65
2/22/2011 0:00,9817,Watford,WAT,64,53,67,67,48,44,47,66
2/22/2012 0:00,9817,Watford,WAT,66,66,45,60,60,48,50,45
9/20/2013 0:00,9817,Watford,WAT,67,45,45,38,53,38,52,45
9/19/2014 0:00,9817,Watford,WAT,61,56,54,44,55,38,52,45
9/10/2015 0:00,9817,Watford,WAT,61,52,54,42,45,38,52,45
2/22/2010 0:00,8697,SV Werder Bremen,WBR,70,40,70,40,70,70,65,70
2/22/2011 0:00,8697,SV Werder Bremen,WBR,64,40,65,48,64,64,48,68
2/22/2012 0:00,8697,SV Werder Bremen,WBR,54,40,68,58,48,49,50,65
9/20/2013 0:00,8697,SV Werder Bremen,WBR,68,33,71,67,78,60,50,64
9/19/2014 0:00,8697,SV Werder Bremen,WBR,40,47,37,40,51,40,50,45
9/10/2015 0:00,8697,SV Werder Bremen,WBR,56,63,68,66,58,63,47,73
2/22/2010 0:00,8659,West Bromwich Albion,WBA,65,40,70,70,55,70,70,70
2/22/2011 0:00,8659,West Bromwich Albion,WBA,60,65,40,50,45,35,55,60
2/22/2012 0:00,8659,West Bromwich Albion,WBA,48,48,45,60,54,38,38,52
9/20/2013 0:00,8659,West Bromwich Albion,WBA,55,54,57,53,57,33,31,49
9/19/2014 0:00,8659,West Bromwich Albion,WBA,55,51,53,53,57,41,40,49
9/10/2015 0:00,8659,West Bromwich Albion,WBA,62,51,53,50,60,41,40,49
2/22/2010 0:00,8654,West Ham United,WHU,58,30,31,70,50,30,70,30
2/22/2011 0:00,8654,West Ham United,WHU,35,35,30,45,45,45,45,50
2/22/2012 0:00,8654,West Ham United,WHU,63,64,44,60,55,30,34,38
9/20/2013 0:00,8654,West Ham United,WHU,72,73,61,74,32,30,37,41
9/19/2014 0:00,8654,West Ham United,WHU,72,73,68,71,32,30,34,41
9/10/2015 0:00,8654,West Ham United,WHU,77,57,68,73,29,30,37,41
2/22/2010 0:00,10001,KVC Westerlo,WES,45,60,40,45,55,70,70,70
2/22/2011 0:00,10001,KVC Westerlo,WES,34,52,66,48,53,48,59,67
2/22/2012 0:00,10001,KVC Westerlo,WES,52,50,59,60,32,48,45,53
9/10/2015 0:00,10001,KVC Westerlo,WES,52,50,57,55,32,48,45,53
2/22/2011 0:00,8024,Widzew Lodz,WID,63,48,48,68,53,37,58,63
2/22/2012 0:00,8024,Widzew Lodz,WID,66,72,70,61,54,32,32,62
9/20/2013 0:00,8024,Widzew Lodz,WID,66,59,43,61,54,32,43,46
9/19/2014 0:00,8024,Widzew Lodz,WID,66,72,66,67,51,36,38,65
2/22/2010 0:00,8528,Wigan Athletic,WIG,70,70,70,70,50,35,70,35
2/22/2011 0:00,8528,Wigan Athletic,WIG,35,50,45,65,50,45,55,65
2/22/2012 0:00,8528,Wigan Athletic,WIG,38,38,54,42,42,40,42,44
9/20/2013 0:00,8528,Wigan Athletic,WIG,38,39,43,42,34,56,52,44
9/19/2014 0:00,8528,Wigan Athletic,WIG,51,51,52,55,57,62,57,44
9/10/2015 0:00,8528,Wigan Athletic,WIG,51,56,52,59,40,62,48,44
2/22/2010 0:00,8525,Willem II,WII,35,30,30,40,65,30,30,30
2/22/2011 0:00,8525,Willem II,WII,72,57,70,47,49,28,63,62
9/20/2013 0:00,8525,Willem II,WII,48,55,48,53,46,43,35,47
9/10/2015 0:00,8525,Willem II,WII,51,63,48,53,52,43,45,47
2/22/2010 0:00,10265,Wisla Krakow,WIS,40,35,55,35,70,70,70,65
2/22/2011 0:00,10265,Wisla Krakow,WIS,67,48,53,63,67,58,47,52
2/22/2012 0:00,10265,Wisla Krakow,WIS,25,25,32,72,50,60,58,61
9/20/2013 0:00,10265,Wisla Krakow,WIS,30,30,32,72,50,60,58,61
9/19/2014 0:00,10265,Wisla Krakow,WIS,47,36,36,53,66,60,66,53
9/10/2015 0:00,10265,Wisla Krakow,WIS,33,37,33,37,31,62,58,37
2/22/2010 0:00,8721,VfL Wolfsburg,WOL,65,45,65,60,70,45,60,50
2/22/2011 0:00,8721,VfL Wolfsburg,WOL,65,45,65,36,51,58,47,66
2/22/2012 0:00,8721,VfL Wolfsburg,WOL,54,59,67,56,48,38,40,45
9/20/2013 0:00,8721,VfL Wolfsburg,WOL,58,57,68,72,70,64,42,55
9/19/2014 0:00,8721,VfL Wolfsburg,WOL,58,45,68,60,54,59,48,47
9/10/2015 0:00,8721,VfL Wolfsburg,WOL,68,57,69,66,50,66,46,55
2/22/2010 0:00,8602,Wolverhampton Wanderers,WOL,70,70,70,70,70,70,70,70
2/22/2011 0:00,8602,Wolverhampton Wanderers,WOL,55,55,60,60,45,45,45,50
2/22/2012 0:00,8602,Wolverhampton Wanderers,WOL,67,68,42,68,56,48,60,45
9/20/2013 0:00,8602,Wolverhampton Wanderers,WOL,63,61,42,73,56,42,48,52
9/19/2014 0:00,8602,Wolverhampton Wanderers,WOL,47,58,55,64,56,47,48,52
9/10/2015 0:00,8602,Wolverhampton Wanderers,WOL,46,54,55,47,48,47,48,55
2/22/2010 0:00,7955,Neuchatel Xamax,XAM,60,45,60,70,60,50,45,55
2/22/2011 0:00,7955,Neuchatel Xamax,XAM,54,47,37,48,53,49,45,52
2/22/2012 0:00,7955,Neuchatel Xamax,XAM,49,50,39,48,34,34,31,51
2/22/2010 0:00,9868,Xerez Club Deportivo,XER,30,30,45,35,70,45,50,45
2/22/2011 0:00,9868,Xerez Club Deportivo,XER,40,58,56,54,49,46,52,67
2/22/2012 0:00,9868,Xerez Club Deportivo,XER,60,44,40,57,41,49,54,50
9/20/2013 0:00,9868,Xerez Club Deportivo,XER,60,44,40,57,41,49,54,50
2/22/2010 0:00,10192,BSC Young Boys,YB,55,55,55,70,60,55,55,60
2/22/2011 0:00,10192,BSC Young Boys,YB,60,57,65,69,68,48,49,61
2/22/2012 0:00,10192,BSC Young Boys,YB,52,69,39,70,46,44,34,50
9/20/2013 0:00,10192,BSC Young Boys,YB,52,69,39,70,46,44,34,50
9/19/2014 0:00,10192,BSC Young Boys,YB,52,64,39,66,46,44,34,50
9/10/2015 0:00,10192,BSC Young Boys,YB,52,64,39,66,46,44,34,50
2/22/2010 0:00,8021,Zaglebie Lubin,ZAG,55,60,30,40,70,70,70,70
2/22/2011 0:00,8021,Zaglebie Lubin,ZAG,54,37,48,38,37,47,58,52
2/22/2012 0:00,8021,Zaglebie Lubin,ZAG,33,38,67,52,73,58,47,52
9/20/2013 0:00,8021,Zaglebie Lubin,ZAG,33,38,67,52,48,58,47,52
9/19/2014 0:00,8021,Zaglebie Lubin,ZAG,33,51,38,63,48,58,38,52
2/22/2010 0:00,8394,Real Zaragoza,ZAR,30,30,50,35,70,40,30,45
2/22/2011 0:00,8394,Real Zaragoza,ZAR,43,40,46,38,42,38,40,53
2/22/2012 0:00,8394,Real Zaragoza,ZAR,34,23,53,56,57,51,46,61
9/20/2013 0:00,8394,Real Zaragoza,ZAR,38,23,53,56,57,51,46,61
9/19/2014 0:00,8394,Real Zaragoza,ZAR,38,35,53,56,57,51,46,61
9/10/2015 0:00,8394,Real Zaragoza,ZAR,52,50,52,56,57,48,43,49
9/19/2014 0:00,8027,Zawisza Bydgoszcz,ZAW,54,40,67,49,52,44,47,52
9/10/2015 0:00,8027,Zawisza Bydgoszcz,ZAW,54,40,46,49,52,44,47,52
2/22/2010 0:00,10000,SV Zulte-Waregem,ZUL,65,60,60,40,50,70,60,70
2/22/2011 0:00,10000,SV Zulte-Waregem,ZUL,52,52,52,48,53,46,48,53
2/22/2012 0:00,10000,SV Zulte-Waregem,ZUL,54,51,47,52,50,44,55,53
9/20/2013 0:00,10000,SV Zulte-Waregem,ZUL,54,51,47,52,32,44,58,37
9/19/2014 0:00,10000,SV Zulte-Waregem,ZUL,54,51,47,52,32,44,58,37
9/10/2015 0:00,10000,SV Zulte-Waregem,ZUL,54,51,47,52,32,44,58,37
